season,week,round,slot_a,slot_b,pts_a,pts_b,winner_slot,herleitung
2018,1,Regular Season,3,10,230.60,202.80,3,Punkte gegen
2018,1,Regular Season,4,2,292.87,174.40,4,Punkte gegen
2018,1,Regular Season,5,7,207.33,203.36,5,Punkte gegen
2018,1,Regular Season,6,1,191.67,145.14,6,Punkte gegen
2018,1,Regular Season,8,9,277.84,226.20,8,Punkte gegen
2018,2,Regular Season,2,5,338.43,195.97,2,Punkte gegen
2018,2,Regular Season,3,6,220.53,170.37,3,Punkte gegen
2018,2,Regular Season,4,8,225.37,198.46,4,Punkte gegen
2018,2,Regular Season,7,10,242.13,216.57,7,Punkte gegen
2018,2,Regular Season,9,1,219.54,189.30,9,Punkte gegen
2018,3,Regular Season,1,4,170.30,162.14,1,Punkte gegen
2018,3,Regular Season,2,10,298.73,270.17,2,Punkte gegen
2018,3,Regular Season,3,7,205.04,180.70,3,Punkte gegen
2018,3,Regular Season,6,9,206.37,139.53,6,Punkte gegen
2018,3,Regular Season,8,5,193.16,190.90,8,Punkte gegen
2018,4,Regular Season,2,3,283.97,245.67,2,Punkte gegen
2018,4,Regular Season,4,6,264.70,252.07,4,Punkte gegen
2018,4,Regular Season,7,9,248.93,147.97,7,Punkte gegen
2018,4,Regular Season,8,1,327.96,179.34,8,Punkte gegen
2018,4,Regular Season,10,5,239.67,225.54,10,Punkte gegen
2018,5,Regular Season,2,7,237.70,171.50,2,Punkte gegen
2018,5,Regular Season,3,5,241.10,154.90,3,Punkte gegen
2018,5,Regular Season,4,9,219.10,179.30,4,Punkte gegen
2018,5,Regular Season,8,6,219.30,201.63,8,Punkte gegen
2018,5,Regular Season,10,1,204.70,201.80,10,Punkte gegen
2018,6,Regular Season,2,6,277.57,194.73,2,Punkte gegen
2018,6,Regular Season,3,8,277.16,220.40,3,Punkte gegen
2018,6,Regular Season,4,10,212.94,163.27,4,Punkte gegen
2018,6,Regular Season,5,9,214.07,163.90,5,Punkte gegen
2018,6,Regular Season,7,1,204.40,179.20,7,Punkte gegen
2018,7,Regular Season,2,8,282.54,180.37,2,Punkte gegen
2018,7,Regular Season,3,9,257.70,148.91,3,Punkte gegen
2018,7,Regular Season,4,7,161.50,126.10,4,Punkte gegen
2018,7,Regular Season,5,1,131.50,110.94,5,Punkte gegen
2018,7,Regular Season,10,6,211.60,190.40,10,Punkte gegen
2018,8,Regular Season,2,9,248.07,184.34,2,Punkte gegen
2018,8,Regular Season,3,1,264.24,148.30,3,Punkte gegen
2018,8,Regular Season,5,4,201.30,190.20,5,Punkte gegen
2018,8,Regular Season,7,6,211.40,204.97,7,Punkte gegen
2018,8,Regular Season,8,10,261.36,248.10,8,Punkte gegen
2018,9,Regular Season,2,1,257.67,113.34,2,Punkte gegen
2018,9,Regular Season,3,10,257.44,195.77,3,Punkte gegen
2018,9,Regular Season,4,9,235.70,185.17,4,Punkte gegen
2018,9,Regular Season,7,5,204.37,123.83,7,Punkte gegen
2018,9,Regular Season,8,6,146.33,136.87,8,Punkte gegen
2018,10,Regular Season,1,6,251.80,176.37,1,Punkte gegen
2018,10,Regular Season,2,5,278.80,195.07,2,Punkte gegen
2018,10,Regular Season,3,4,268.54,206.13,3,Punkte gegen
2018,10,Regular Season,8,9,196.30,79.74,8,Punkte gegen
2018,10,Regular Season,10,7,270.67,230.34,10,Punkte gegen
2018,11,Regular Season,1,9,187.47,156.23,1,Punkte gegen
2018,11,Regular Season,2,10,302.10,202.57,2,Punkte gegen
2018,11,Regular Season,3,7,275.23,179.83,3,Punkte gegen
2018,11,Regular Season,4,8,250.17,222.37,4,Punkte gegen
2018,11,Regular Season,6,5,180.43,146.60,6,Punkte gegen
2018,12,Regular Season,2,3,313.33,230.40,2,Punkte gegen
2018,12,Regular Season,4,1,249.84,177.43,4,Punkte gegen
2018,12,Regular Season,6,9,166.93,141.23,6,Punkte gegen
2018,12,Regular Season,8,7,239.37,173.93,8,Punkte gegen
2018,12,Regular Season,10,5,193.70,168.57,10,Punkte gegen
2018,13,Regular Season,2,7,239.44,190.93,2,Punkte gegen
2018,13,Regular Season,3,5,193.06,137.10,3,Punkte gegen
2018,13,Regular Season,6,4,210.03,205.73,6,Punkte gegen
2018,13,Regular Season,8,1,187.33,177.96,8,Punkte gegen
2018,13,Regular Season,10,9,197.40,163.33,10,Punkte gegen
2018,14,Quarterfinal,6,3,246.37,208.60,6,Seed-Regel
2018,14,Quarterfinal,8,10,231.07,167.50,8,Seed-Regel
2018,15,Semifinal,2,8,197.30,180.43,2,Bestätigt
2018,15,Semifinal,4,6,232.73,128.44,4,Bestätigt
2018,16,Final,2,4,233.90,157.13,2,Endplatz
2018,16,Spiel um Platz 3,8,6,224.67,174.37,8,Endplatz
2018,16,Spiel um Platz 5,10,3,255.53,248.87,10,Endplatz
2019,1,Regular Season,3,10,263.39,194.24,3,Punkte gegen
2019,1,Regular Season,4,2,306.53,200.10,4,Punkte gegen
2019,1,Regular Season,5,7,217.37,170.70,5,Punkte gegen
2019,1,Regular Season,6,1,285.70,247.87,6,Punkte gegen
2019,1,Regular Season,9,8,206.90,160.06,9,Punkte gegen
2019,2,Regular Season,2,5,262.50,153.53,2,Punkte gegen
2019,2,Regular Season,3,6,195.96,174.47,3,Punkte gegen
2019,2,Regular Season,4,8,272.13,239.66,4,Punkte gegen
2019,2,Regular Season,7,10,188.83,120.53,7,Punkte gegen
2019,2,Regular Season,9,1,193.50,178.87,9,Punkte gegen
2019,3,Regular Season,2,10,255.10,220.20,2,Punkte gegen
2019,3,Regular Season,3,7,259.90,256.07,3,Punkte gegen
2019,3,Regular Season,4,1,268.60,232.47,4,Punkte gegen
2019,3,Regular Season,6,9,179.60,178.47,6,Punkte gegen
2019,3,Regular Season,8,5,251.50,168.10,8,Punkte gegen
2019,4,Regular Season,3,2,210.00,206.27,3,Punkte gegen
2019,4,Regular Season,6,4,223.44,172.37,6,Punkte gegen
2019,4,Regular Season,8,1,281.14,157.30,8,Punkte gegen
2019,4,Regular Season,9,7,195.70,180.24,9,Punkte gegen
2019,4,Regular Season,10,5,183.77,143.67,10,Punkte gegen
2019,5,Regular Season,1,10,227.34,225.97,1,Punkte gegen
2019,5,Regular Season,2,7,257.06,213.27,2,Punkte gegen
2019,5,Regular Season,3,5,230.14,178.07,3,Punkte gegen
2019,5,Regular Season,4,9,309.07,163.87,4,Punkte gegen
2019,5,Regular Season,8,6,207.63,190.40,8,Punkte gegen
2019,6,Regular Season,3,8,239.64,224.03,3,Punkte gegen
2019,6,Regular Season,4,10,242.20,201.37,4,Punkte gegen
2019,6,Regular Season,6,2,221.37,171.40,6,Punkte gegen
2019,6,Regular Season,7,1,240.93,165.57,7,Punkte gegen
2019,6,Regular Season,9,5,175.03,150.94,9,Punkte gegen
2019,7,Regular Season,1,5,158.64,153.23,1,Punkte gegen
2019,7,Regular Season,3,9,179.06,164.63,3,Punkte gegen
2019,7,Regular Season,4,7,251.73,186.03,4,Punkte gegen
2019,7,Regular Season,8,2,223.46,179.74,8,Punkte gegen
2019,7,Regular Season,10,6,197.00,139.63,10,Punkte gegen
2019,8,Regular Season,2,9,283.97,156.47,2,Punkte gegen
2019,8,Regular Season,3,1,281.50,177.13,3,Punkte gegen
2019,8,Regular Season,4,5,301.27,127.20,4,Punkte gegen
2019,8,Regular Season,6,7,180.54,138.30,6,Punkte gegen
2019,8,Regular Season,10,8,269.27,223.63,10,Punkte gegen
2019,9,Regular Season,1,2,260.27,130.66,1,Punkte gegen
2019,9,Regular Season,3,10,250.60,209.70,3,Punkte gegen
2019,9,Regular Season,4,9,201.03,177.57,4,Punkte gegen
2019,9,Regular Season,5,7,158.80,135.50,5,Punkte gegen
2019,9,Regular Season,6,8,214.76,164.34,6,Punkte gegen
2019,10,Regular Season,1,6,181.00,159.90,1,Punkte gegen
2019,10,Regular Season,2,5,262.66,216.10,2,Punkte gegen
2019,10,Regular Season,4,3,271.70,244.43,4,Punkte gegen
2019,10,Regular Season,7,10,236.80,219.50,7,Punkte gegen
2019,10,Regular Season,8,9,193.54,145.47,8,Punkte gegen
2019,11,Regular Season,1,9,240.17,215.26,1,Punkte gegen
2019,11,Regular Season,2,10,224.56,138.84,2,Punkte gegen
2019,11,Regular Season,3,7,204.40,202.70,3,Punkte gegen
2019,11,Regular Season,5,6,195.00,159.94,5,Punkte gegen
2019,11,Regular Season,8,4,258.17,234.27,8,Punkte gegen
2019,12,Regular Season,3,2,222.96,142.23,3,Punkte gegen
2019,12,Regular Season,4,1,211.90,190.16,4,Punkte gegen
2019,12,Regular Season,6,9,221.44,201.30,6,Punkte gegen
2019,12,Regular Season,8,7,209.54,201.64,8,Punkte gegen
2019,12,Regular Season,10,5,214.57,125.90,10,Punkte gegen
2019,13,Regular Season,3,5,209.57,120.67,3,Punkte gegen
2019,13,Regular Season,6,4,213.94,194.00,6,Punkte gegen
2019,13,Regular Season,7,2,227.60,192.60,7,Punkte gegen
2019,13,Regular Season,8,1,221.10,219.60,8,Punkte gegen
2019,13,Regular Season,10,9,196.80,155.73,10,Punkte gegen
2019,14,Quarterfinal,2,6,202.27,197.77,2,Bracket
2019,14,Quarterfinal,8,10,185.00,178.87,8,Bracket
2019,15,Semifinal,2,3,268.90,263.80,2,Screenshot
2019,15,Semifinal,8,4,288.63,224.76,8,Screenshot
2019,16,Final,2,8,282.73,205.50,2,Endplatz
2019,16,Spiel um Platz 3,3,4,219.90,158.44,3,Endplatz
2019,16,Spiel um Platz 5,10,6,211.37,199.60,10,Endplatz
2020,1,Regular Season,4,2,223.46,208.50,4,Punkte gegen
2020,1,Regular Season,5,7,195.10,192.73,5,Punkte gegen
2020,1,Regular Season,6,1,234.73,204.17,6,Punkte gegen
2020,1,Regular Season,8,9,220.80,198.13,8,Punkte gegen
2020,1,Regular Season,10,3,197.17,171.70,10,Punkte gegen
2020,2,Regular Season,1,9,254.87,248.66,1,Punkte gegen
2020,2,Regular Season,2,5,258.03,182.40,2,Punkte gegen
2020,2,Regular Season,3,6,218.10,159.40,3,Punkte gegen
2020,2,Regular Season,4,8,260.80,230.83,4,Punkte gegen
2020,2,Regular Season,7,10,217.27,194.43,7,Punkte gegen
2020,3,Regular Season,1,4,292.73,284.10,1,Punkte gegen
2020,3,Regular Season,2,10,219.87,187.50,2,Punkte gegen
2020,3,Regular Season,3,7,222.70,177.27,3,Punkte gegen
2020,3,Regular Season,6,9,158.97,136.17,6,Punkte gegen
2020,3,Regular Season,8,5,231.60,157.83,8,Punkte gegen
2020,4,Regular Season,1,8,234.00,231.20,1,Punkte gegen
2020,4,Regular Season,2,3,252.56,202.37,2,Punkte gegen
2020,4,Regular Season,4,6,264.07,191.10,4,Punkte gegen
2020,4,Regular Season,9,7,161.93,158.60,9,Punkte gegen
2020,4,Regular Season,10,5,227.37,152.50,10,Punkte gegen
2020,5,Regular Season,2,7,254.07,118.07,2,Punkte gegen
2020,5,Regular Season,3,5,196.50,126.03,3,Punkte gegen
2020,5,Regular Season,6,8,244.60,217.50,6,Punkte gegen
2020,5,Regular Season,9,4,250.03,144.54,9,Punkte gegen
2020,5,Regular Season,10,1,242.70,240.57,10,Punkte gegen
2020,6,Regular Season,1,7,182.50,174.80,1,Punkte gegen
2020,6,Regular Season,4,10,220.17,199.66,4,Punkte gegen
2020,6,Regular Season,6,2,215.53,181.20,6,Punkte gegen
2020,6,Regular Season,8,3,201.17,181.73,8,Punkte gegen
2020,6,Regular Season,9,5,211.13,126.53,9,Punkte gegen
2020,7,Regular Season,1,5,207.30,119.57,1,Punkte gegen
2020,7,Regular Season,3,9,301.77,177.30,3,Punkte gegen
2020,7,Regular Season,4,7,283.13,199.26,4,Punkte gegen
2020,7,Regular Season,6,10,197.26,189.47,6,Punkte gegen
2020,7,Regular Season,8,2,235.70,160.10,8,Punkte gegen
2020,8,Regular Season,1,3,217.23,177.27,1,Punkte gegen
2020,8,Regular Season,5,4,203.80,164.10,5,Punkte gegen
2020,8,Regular Season,7,6,178.13,177.63,7,Punkte gegen
2020,8,Regular Season,8,10,214.24,150.43,8,Punkte gegen
2020,8,Regular Season,9,2,205.23,198.40,9,Punkte gegen
2020,9,Regular Season,2,1,254.07,178.73,2,Punkte gegen
2020,9,Regular Season,3,10,310.90,221.96,3,Punkte gegen
2020,9,Regular Season,4,9,191.10,189.53,4,Punkte gegen
2020,9,Regular Season,5,7,244.93,183.00,5,Punkte gegen
2020,9,Regular Season,8,6,226.10,170.37,8,Punkte gegen
2020,10,Regular Season,1,6,173.70,149.44,1,Punkte gegen
2020,10,Regular Season,4,3,211.26,195.10,4,Punkte gegen
2020,10,Regular Season,5,2,219.87,147.16,5,Punkte gegen
2020,10,Regular Season,7,10,156.37,153.17,7,Punkte gegen
2020,10,Regular Season,8,9,188.60,176.57,8,Punkte gegen
2020,11,Regular Season,1,9,222.63,195.30,1,Punkte gegen
2020,11,Regular Season,2,10,256.14,212.76,2,Punkte gegen
2020,11,Regular Season,3,7,216.26,193.80,3,Punkte gegen
2020,11,Regular Season,4,8,213.40,199.17,4,Punkte gegen
2020,11,Regular Season,5,6,162.77,143.87,5,Punkte gegen
2020,12,Regular Season,2,3,191.90,187.20,2,Punkte gegen
2020,12,Regular Season,4,1,336.27,174.74,4,Punkte gegen
2020,12,Regular Season,8,7,194.80,160.73,8,Punkte gegen
2020,12,Regular Season,9,6,195.46,195.03,9,Punkte gegen
2020,12,Regular Season,10,5,263.90,178.13,10,Punkte gegen
2020,13,Regular Season,2,7,228.60,203.50,2,Punkte gegen
2020,13,Regular Season,4,6,208.80,158.84,4,Punkte gegen
2020,13,Regular Season,5,3,217.83,176.70,5,Punkte gegen
2020,13,Regular Season,8,1,258.76,201.86,8,Punkte gegen
2020,13,Regular Season,10,9,216.40,194.73,10,Punkte gegen
2020,14,Quarterfinal,3,1,206.20,204.83,3,Bracket
2020,14,Quarterfinal,5,8,232.60,220.47,5,Bracket
2020,15,Semifinal,2,3,236.16,188.20,2,Screenshot
2020,15,Semifinal,4,5,207.90,182.03,4,Screenshot
2020,16,Final,2,4,233.63,229.27,2,Endplatz
2020,16,Spiel um Platz 3,5,3,236.86,171.87,5,Endplatz
2020,16,Spiel um Platz 5,8,1,306.50,248.57,8,Endplatz
2021,1,Regular Season,4,2,285.94,214.84,4,Punkte gegen
2021,1,Regular Season,6,1,234.43,219.06,6,Punkte gegen
2021,1,Regular Season,7,5,214.90,144.40,7,Punkte gegen
2021,1,Regular Season,8,9,237.27,170.53,8,Punkte gegen
2021,1,Regular Season,10,3,228.93,195.64,10,Punkte gegen
2021,2,Regular Season,1,9,254.60,183.17,1,Punkte gegen
2021,2,Regular Season,2,5,232.27,208.40,2,Punkte gegen
2021,2,Regular Season,3,6,299.57,146.54,3,Punkte gegen
2021,2,Regular Season,7,10,217.90,192.07,7,Punkte gegen
2021,2,Regular Season,8,4,249.70,215.30,8,Punkte gegen
2021,3,Regular Season,4,1,238.37,221.04,4,Punkte gegen
2021,3,Regular Season,7,3,154.03,139.97,7,Punkte gegen
2021,3,Regular Season,8,5,242.66,139.26,8,Punkte gegen
2021,3,Regular Season,9,6,265.36,160.87,9,Punkte gegen
2021,3,Regular Season,10,2,223.03,178.80,10,Punkte gegen
2021,4,Regular Season,2,3,275.66,232.94,2,Punkte gegen
2021,4,Regular Season,4,6,221.36,153.80,4,Punkte gegen
2021,4,Regular Season,7,9,223.34,205.94,7,Punkte gegen
2021,4,Regular Season,8,1,191.73,166.16,8,Punkte gegen
2021,4,Regular Season,10,5,207.60,146.26,10,Punkte gegen
2021,5,Regular Season,4,9,254.33,187.23,4,Punkte gegen
2021,5,Regular Season,5,3,175.33,163.23,5,Punkte gegen
2021,5,Regular Season,7,2,226.63,186.36,7,Punkte gegen
2021,5,Regular Season,8,6,249.10,167.87,8,Punkte gegen
2021,5,Regular Season,10,1,269.33,254.83,10,Punkte gegen
2021,6,Regular Season,1,7,259.43,251.77,1,Punkte gegen
2021,6,Regular Season,2,6,275.94,193.64,2,Punkte gegen
2021,6,Regular Season,3,8,186.27,156.40,3,Punkte gegen
2021,6,Regular Season,4,10,234.77,180.87,4,Punkte gegen
2021,6,Regular Season,5,9,175.33,148.83,5,Punkte gegen
2021,7,Regular Season,1,5,220.60,147.44,1,Punkte gegen
2021,7,Regular Season,3,9,264.77,232.33,3,Punkte gegen
2021,7,Regular Season,7,4,229.56,207.04,7,Punkte gegen
2021,7,Regular Season,8,2,246.96,177.73,8,Punkte gegen
2021,7,Regular Season,10,6,209.00,81.17,10,Punkte gegen
2021,8,Regular Season,1,3,197.23,154.64,1,Punkte gegen
2021,8,Regular Season,4,5,276.37,148.97,4,Punkte gegen
2021,8,Regular Season,7,6,168.60,113.83,7,Punkte gegen
2021,8,Regular Season,9,2,232.87,208.83,9,Punkte gegen
2021,8,Regular Season,10,8,188.57,168.54,10,Punkte gegen
2021,9,Regular Season,2,1,224.30,191.23,2,Punkte gegen
2021,9,Regular Season,4,9,196.20,164.36,4,Punkte gegen
2021,9,Regular Season,5,7,160.63,151.90,5,Punkte gegen
2021,9,Regular Season,8,6,247.30,194.97,8,Punkte gegen
2021,9,Regular Season,10,3,195.10,187.97,10,Punkte gegen
2021,10,Regular Season,1,6,236.80,132.10,1,Punkte gegen
2021,10,Regular Season,2,5,237.37,139.77,2,Punkte gegen
2021,10,Regular Season,4,3,213.00,152.60,4,Punkte gegen
2021,10,Regular Season,8,9,172.37,165.40,8,Punkte gegen
2021,10,Regular Season,10,7,174.87,125.40,10,Punkte gegen
2021,11,Regular Season,1,9,280.50,120.36,1,Punkte gegen
2021,11,Regular Season,2,10,210.10,151.43,2,Punkte gegen
2021,11,Regular Season,3,7,211.27,162.47,3,Punkte gegen
2021,11,Regular Season,5,6,169.73,122.53,5,Punkte gegen
2021,11,Regular Season,8,4,226.93,216.07,8,Punkte gegen
2021,12,Regular Season,2,3,212.10,204.74,2,Punkte gegen
2021,12,Regular Season,4,1,240.67,229.63,4,Punkte gegen
2021,12,Regular Season,6,9,165.56,154.87,6,Punkte gegen
2021,12,Regular Season,7,8,203.70,179.27,7,Punkte gegen
2021,12,Regular Season,10,5,190.57,168.74,10,Punkte gegen
2021,13,Regular Season,1,8,276.90,185.24,1,Punkte gegen
2021,13,Regular Season,3,5,171.30,143.74,3,Punkte gegen
2021,13,Regular Season,6,4,235.76,234.80,6,Punkte gegen
2021,13,Regular Season,7,2,244.87,188.30,7,Punkte gegen
2021,13,Regular Season,9,10,166.83,133.44,9,Punkte gegen
2021,14,Regular Season,1,10,286.96,174.30,1,Punkte gegen
2021,14,Regular Season,4,2,254.67,183.63,4,Punkte gegen
2021,14,Regular Season,6,3,186.66,134.73,6,Punkte gegen
2021,14,Regular Season,7,9,276.23,169.36,7,Punkte gegen
2021,14,Regular Season,8,5,216.23,188.80,8,Punkte gegen
2021,15,Quarterfinal,1,10,193.03,192.30,1,Bracket
2021,15,Quarterfinal,2,8,233.73,209.33,2,Bracket
2021,16,Semifinal,1,7,238.53,199.73,1,Bracket
2021,16,Semifinal,4,2,209.17,182.20,4,Bracket
2021,17,Final,4,1,211.40,189.90,4,Endplatz
2021,17,Spiel um Platz 3,7,2,263.33,209.04,7,Endplatz
2021,17,Spiel um Platz 5,8,10,231.90,156.90,8,Endplatz
2022,1,Regular Season,1,6,269.70,184.30,1,Punkte gegen
2022,1,Regular Season,2,4,284.90,175.16,2,Punkte gegen
2022,1,Regular Season,3,10,209.27,138.83,3,Punkte gegen
2022,1,Regular Season,7,5,170.53,154.20,7,Punkte gegen
2022,1,Regular Season,9,8,273.30,225.87,9,Punkte gegen
2022,2,Regular Season,1,9,226.70,222.60,1,Punkte gegen
2022,2,Regular Season,2,5,215.24,138.30,2,Punkte gegen
2022,2,Regular Season,6,3,195.63,176.97,6,Punkte gegen
2022,2,Regular Season,8,4,292.53,222.27,8,Punkte gegen
2022,2,Regular Season,10,7,231.84,191.00,10,Punkte gegen
2022,3,Regular Season,1,4,195.57,188.20,1,Punkte gegen
2022,3,Regular Season,3,7,223.03,219.73,3,Punkte gegen
2022,3,Regular Season,8,5,213.56,158.44,8,Punkte gegen
2022,3,Regular Season,9,6,201.90,191.07,9,Punkte gegen
2022,3,Regular Season,10,2,178.37,144.24,10,Punkte gegen
2022,4,Regular Season,1,8,286.47,241.90,1,Punkte gegen
2022,4,Regular Season,2,3,231.33,174.33,2,Punkte gegen
2022,4,Regular Season,6,4,255.33,226.64,6,Punkte gegen
2022,4,Regular Season,9,7,174.66,172.46,9,Punkte gegen
2022,4,Regular Season,10,5,188.53,167.40,10,Punkte gegen
2022,5,Regular Season,1,10,301.90,150.24,1,Punkte gegen
2022,5,Regular Season,2,7,246.70,237.30,2,Punkte gegen
2022,5,Regular Season,3,5,200.97,174.94,3,Punkte gegen
2022,5,Regular Season,8,6,233.83,216.20,8,Punkte gegen
2022,5,Regular Season,9,4,196.04,177.40,9,Punkte gegen
2022,6,Regular Season,1,7,208.80,177.37,1,Punkte gegen
2022,6,Regular Season,2,6,181.60,170.06,2,Punkte gegen
2022,6,Regular Season,4,10,184.07,147.00,4,Punkte gegen
2022,6,Regular Season,5,9,207.40,176.96,5,Punkte gegen
2022,6,Regular Season,8,3,200.07,174.10,8,Punkte gegen
2022,7,Regular Season,1,5,223.13,170.70,1,Punkte gegen
2022,7,Regular Season,2,8,222.63,166.67,2,Punkte gegen
2022,7,Regular Season,3,9,172.93,167.57,3,Punkte gegen
2022,7,Regular Season,6,10,218.27,161.40,6,Punkte gegen
2022,7,Regular Season,7,4,199.97,181.33,7,Punkte gegen
2022,8,Regular Season,3,1,257.93,193.53,3,Punkte gegen
2022,8,Regular Season,4,5,295.84,189.40,4,Punkte gegen
2022,8,Regular Season,7,6,219.81,186.57,7,Punkte gegen
2022,8,Regular Season,8,10,258.14,202.77,8,Punkte gegen
2022,8,Regular Season,9,2,215.60,146.59,9,Punkte gegen
2022,9,Regular Season,1,2,246.40,172.93,1,Punkte gegen
2022,9,Regular Season,4,9,200.74,125.77,4,Punkte gegen
2022,9,Regular Season,7,5,208.03,177.03,7,Punkte gegen
2022,9,Regular Season,8,6,277.24,174.03,8,Punkte gegen
2022,9,Regular Season,10,3,161.10,157.87,10,Punkte gegen
2022,10,Regular Season,1,6,235.97,158.90,1,Punkte gegen
2022,10,Regular Season,2,5,255.04,190.13,2,Punkte gegen
2022,10,Regular Season,3,4,201.40,197.27,3,Punkte gegen
2022,10,Regular Season,9,8,195.33,167.70,9,Punkte gegen
2022,10,Regular Season,10,7,208.87,136.03,10,Punkte gegen
2022,11,Regular Season,2,10,232.50,131.47,2,Punkte gegen
2022,11,Regular Season,4,8,219.83,174.63,4,Punkte gegen
2022,11,Regular Season,6,5,243.70,165.43,6,Punkte gegen
2022,11,Regular Season,7,3,242.24,147.00,7,Punkte gegen
2022,11,Regular Season,9,1,252.27,181.20,9,Punkte gegen
2022,12,Regular Season,2,3,222.53,146.46,2,Punkte gegen
2022,12,Regular Season,4,1,242.30,227.67,4,Punkte gegen
2022,12,Regular Season,5,10,172.40,151.93,5,Punkte gegen
2022,12,Regular Season,6,9,267.37,211.27,6,Punkte gegen
2022,12,Regular Season,8,7,189.73,173.87,8,Punkte gegen
2022,13,Regular Season,1,8,231.20,165.96,1,Punkte gegen
2022,13,Regular Season,2,7,194.67,192.70,2,Punkte gegen
2022,13,Regular Season,3,5,187.16,169.16,3,Punkte gegen
2022,13,Regular Season,6,4,221.10,186.76,6,Punkte gegen
2022,13,Regular Season,9,10,233.17,171.20,9,Punkte gegen
2022,14,Regular Season,1,10,185.37,177.90,1,Punkte gegen
2022,14,Regular Season,4,2,206.90,182.14,4,Punkte gegen
2022,14,Regular Season,6,3,226.67,149.90,6,Punkte gegen
2022,14,Regular Season,8,5,192.53,172.37,8,Punkte gegen
2022,14,Regular Season,9,7,188.56,186.00,9,Punkte gegen
2022,15,Quarterfinal,3,8,215.27,212.10,3,Seed-Regel
2022,15,Quarterfinal,7,9,225.76,126.20,7,Seed-Regel
2022,16,Semifinal,1,3,229.14,113.80,1,Bracket
2022,16,Semifinal,7,2,227.17,215.50,7,Bracket
2022,17,Final,1,7,173.73,118.43,1,Endplatz
2022,17,Spiel um Platz 3,2,3,200.34,192.60,2,Endplatz
2022,17,Spiel um Platz 5,9,8,88.80,87.10,9,Endplatz
