# Umfang: nur Hugh Jass (Slot 2), nur Regular Season 2023–2025 (je 14 Wochen); ohne Gegner, Bank und All-Play.
# Quelle: DSGVO-Auskunft nfl.com (Export 24.09.2026), Snapshots der kumulierten Bilanz: je Spielstand der letzte
# Snapshot, Wochenwerte als Differenzen (eine Stat-Korrektur zählt in der Woche, in der sie erschien).
# Gegenprobe 2020–2022 mit derselben Methode: 38 von 41 Wochen exakt, 3 um höchstens 2,00 Punkte
# verschoben (2022 W1, 2022 W2, 2022 W14); Saisonsummen und Ergebnisse exakt, einzelne Wochenwerte nicht garantiert.
season,week,slot,pts,pts_against,result
2023,1,2,187.57,156.70,W
2023,2,2,191.46,248.00,L
2023,3,2,213.20,193.30,W
2023,4,2,192.20,191.80,W
2023,5,2,219.63,221.03,L
2023,6,2,175.03,238.40,L
2023,7,2,263.50,263.60,L
2023,8,2,182.83,275.17,L
2023,9,2,147.30,173.84,L
2023,10,2,174.76,257.30,L
2023,11,2,264.10,189.13,W
2023,12,2,221.60,220.93,W
2023,13,2,216.63,104.50,W
2023,14,2,228.30,160.93,W
2024,1,2,160.80,177.93,L
2024,2,2,198.24,218.63,L
2024,3,2,222.54,179.77,W
2024,4,2,223.03,193.70,W
2024,5,2,201.54,166.20,W
2024,6,2,247.50,201.87,W
2024,7,2,170.00,225.80,L
2024,8,2,227.80,241.50,L
2024,9,2,280.07,171.03,W
2024,10,2,205.50,182.13,W
2024,11,2,226.07,206.87,W
2024,12,2,224.20,185.90,W
2024,13,2,215.57,229.00,L
2024,14,2,194.67,244.73,L
2025,1,2,199.27,200.36,L
2025,2,2,253.67,218.74,W
2025,3,2,154.40,182.64,L
2025,4,2,219.50,256.36,L
2025,5,2,226.63,207.57,W
2025,6,2,208.36,203.10,W
2025,7,2,176.17,191.63,L
2025,8,2,303.86,208.50,W
2025,9,2,195.57,218.00,L
2025,10,2,226.07,152.03,W
2025,11,2,209.13,170.70,W
2025,12,2,168.00,227.34,L
2025,13,2,232.27,206.57,W
2025,14,2,220.34,215.30,W
