id,kategorie,rekord,wert,details,quelle,ableitbar,verifiziert,slots,saisons
all-play-screenshot-2022-nach-wo-12-vor-neuberechnung,Bilanz,All-Play-Screenshot 2022 nach Wo 12 (vor Neuberechnung),2022 nach Wo 12,"Stand vor einer Neuberechnung durch nfl.com am 13.12.2022: Asse's Cowboys 85-23, gloane saubande 69-39, Hugh Jass 64-44, cool runnings 63-45, SaschaM 55-53, Dynamo 53-55, Rotzleffe 53-55, Elephucks 42-66, SaureGurken 28-80, SpicyBears 28-80. Im Endstand des Exports (W1–12): cool runnings 62-46, Dynamo 54-54, übrige gleich; PF −0,80 bis +3,00 anders. Wochenwerte: Rekorde › Wochen 2018–2022.",Screenshot; nfl.com-Export 24.09.2026,0,1,1,2022
beste-regular-season-bilanz,Bilanz,Beste Regular-Season-Bilanz,12-1,"Hugh Jass 2018 (Titel) und Elephucks 2019 (Platz 3). Bei 14 Spielen: Elephucks 11-3 (2025, Titel), Asse's Cowboys 11-3 (2022 und 2023, Titel), cool runnings und Hugh Jass 11-3 (2015).",Saisondaten,1,1,2|3,2018|2019
konstanz-hugh-jass,Bilanz,Konstanz Hugh Jass,"10 von 11 Jahren Playoffs, nie schlechter als Platz 7","All-Time 95-54, gleiche Bilanz wie cool runnings (95-54; PF 30356,10 gegen 30316,61); 5 Titel; bester Ø-Endplatz (2,7). Meiste Playoff-Teilnahmen: gloane saubande 11 von 11 (nie schlechter als Platz 6).",Franchises,1,1,2,
nfl-com-true-rank-2018,Bilanz,nfl.com True Rank 2018,"Rang 1, True 36","Zeitpunkt in der Saison unbekannt; Record, Pts For und Breakdown je Bestwert 10, Coach 6; vor gloane saubande und Elephucks.",Screenshot,0,1,2,2018
bestes-team-ohne-playoffs,Playoffs,Bestes Team ohne Playoffs,"8-6 (2015), 7-6 (2016), 7-7 (2023 u. a.)","Elephucks 2015: Vierter der Division 1 mit 8-6, Endplatz 8 (Letzter). Asse's Cowboys 2016: 7-6, Platz 7. Hugh Jass 2023: Vierter der Division 2 mit 7-7, Platz 7 (7-7 ohne Playoffs auch SaschaM 2022, Asse's Cowboys 2024, TeamTy 2024).",Saisondaten,1,1,3|1|2,2015|2016|2023
playoff-team-mit-schlechtester-bilanz,Playoffs,Playoff-Team mit schlechtester Bilanz,3-11,"SaschaM 2015, Dritter der Vierer-Division 2, Endplatz 5.",Saisondaten,1,1,6,2015
vizemeister-mit-schlechtester-bilanz,Playoffs,Vizemeister mit schlechtester Bilanz,5-9,"Rotzleffe 2022: über die schwache Division 2 (Platz 3) in die Playoffs, dann bis ins Finale. Nur möglich, weil der LM das Bracket von Hand auf Top 3 je Division korrigierte (nfl.com setzte nach Gesamttabelle).",Saisondaten,1,1,7,2022
elephucks-fluch-2018-2019,Rivalry,Elephucks-Fluch 2018/2019,"2018 zweitbeste, 2019 beste Bilanz, beide Male zweitmeiste Punkte; beide Titel an Hugh Jass","2018: 11-2, zweitmeiste Punkte, Platz 6. 2019: 12-1, Semifinal gegen den 6-7-Hugh-Jass 263,80:268,90. 2025 dann selbst Meister, ohne Duell mit Hugh Jass (Elephucks Divisionssieger mit Bye, Hugh Jass Sechster).",Saisondaten; Screenshot,1,1,3|2,2018|2019
rivalry-hugh-jass-vs-cool-runnings-finals,Rivalry,Rivalry Hugh Jass vs. cool runnings (Finals),"3 Finalduelle, 2-1 für Hugh Jass","2015 (cool runnings), 2018 und 2020 (Hugh Jass); seit 2020 kein weiteres Finale der beiden.",Saisondaten,1,1,2|4,
rivalry-hugh-jass-vs-elephucks-titel,Rivalry,Rivalry Hugh Jass vs. Elephucks (Titel),5:2,Kein gemeinsames Finale in 11 Jahren.,Saisondaten,1,1,2|3,
meiste-punkte-in-einer-regular-season,Saison,Meiste Punkte in einer Regular Season,"3532,75 (271,8/Spiel)","12-1 und Titel (13 Spiele); dominanteste Saison der Ligageschichte. Nach Summe danach Asse's Cowboys 2021 (3294,97) und cool runnings 2021 (3288,89), je 14 Spiele; je Spiel danach cool runnings 2019 (249,0) und Elephucks 2018 (243,6).",Saisondaten,1,1,2,2018
punktekoenig-ohne-titel,Saison,Punktekönig ohne Titel,8 der 11 Scoring-Titel ohne Meisterschaft,"Hugh Jass 2015 (2166,95, Finale) und 2016 (2081,90, Platz 3), cool runnings 2017 (2295,00, Platz 3), 2019 (3236,80, Platz 4) und 2020 (3005,20, Finale), Asse's Cowboys 2021 (3294,97, Finale), gloane saubande 2024 (3007,65, Platz 4), SaschaM 2025 (3105,00, Finale). Scoring-Titel und Meisterschaft zugleich nur Hugh Jass 2018 und Asse's Cowboys 2022 und 2023.",Saisondaten,1,1,2|4|1|8|6,
wenigste-punkte-seit-scoring-umstellung-2018,Saison,Wenigste Punkte seit Scoring-Umstellung 2018,"2108,58","SpicyBears 2019, 3-10 (nach Summe, 13 Spiele); je Spiel lag SpicyBears 2021 mit 161,2 noch darunter (2019: 162,2).",Saisondaten,1,1,5,2019
divisionsserie-hugh-jass-cool-runnings,Serie,Divisionsserie Hugh Jass/cool runnings,10 Jahre (2015–2024),"In jeder Saison gewann mindestens eines der beiden Teams seine Division (2018 und 2020 beide). Beendet 2025, als SaschaM und Elephucks die beiden Divisionen gewannen.",Saisondaten,1,1,2|4,
laengste-siegesserie-2018-2022,Serie,Längste Siegesserie 2018–2022,14,"Hugh Jass 2018: W1 verloren gegen cool runnings, W2–W13 gewonnen (12 Siege), W14 Bye als Divisionssieger, Halbfinale W15 gegen gloane saubande 197,30 : 180,43, Finale W16 gegen cool runnings 233,90 : 157,13. Beendet W1/2019 (200,10 : 306,53 gegen cool runnings). Playoffs zählen mit, Byes unterbrechen nicht. Zweitlängste: Elephucks 9 (2019 W1–W9). Spiele: Rekorde › Wochen 2018–2022.",nfl.com-Export 24.09.2026,1,1,2,2018
champion-mit-schlechtester-bilanz,Titel,Champion mit schlechtester Bilanz,6-7,"Hugh Jass 2019, Tabellenrang 5, nach der Seed-Regel ebenfalls Seed 5; im Semifinal 268,90:263,80 gegen den 12-1-Elephucks.",Saisondaten; Screenshot,1,1,2,2019
meiste-titel,Titel,Meiste Titel,"5 (2017, 2018, 2019, 2020, 2024)","Fourpeat 2017–2020. Je 2 Titel: Elephucks (2016, 2025; seit 2026 4th Down Syndrom), cool runnings (2015, 2021), Asse's Cowboys (back-to-back 2022/2023).",Franchises,1,1,2,
nie-champion-trotz-konstanter-playoffs,Titel,Nie Champion trotz konstanter Playoffs,"0 Titel, 2 Finals, 11 Playoff-Teilnahmen",gloane saubande in 11 Saisons; meiste Playoff-Teilnahmen der Liga ohne Titel.,Franchises,1,1,8,
scoring-titel-gesamt,Titel,Scoring-Titel gesamt,"je 3: Hugh Jass, cool runnings, Asse's Cowboys","Hugh Jass 2015/2016/2018, cool runnings 2017/2019/2020, Asse's Cowboys 2021–2023; gloane saubande 2024, SaschaM 2025. Dreierpatt an der Spitze.",Franchises,1,1,2|4|1,
zwei-finals-in-folge-ohne-titel,Titel,Zwei Finals in Folge ohne Titel,"2024, 2025","SaschaM; direkt davor vier Saisons in Folge Endplatz 8–10 (2020–2023: 10, 9, 8, 10 – dreimal Letzter oder Vorletzter); in den acht Saisons 2016–2023 insgesamt sechsmal Endplatz 8–10.",Saisondaten,1,1,6,2024|2025
hoechstes-playoff-ergebnis-2018-2022,Woche,Höchstes Playoff-Ergebnis 2018–2022,"306,50","gloane saubande, W16/2020, Spiel um Platz 5 gegen Asse's Cowboys, 306,50 : 248,57; nur Spiele mit Gegner. Die Paarung setzt voraus, dass das Spiel um Platz 5 in der Finalwoche lag (2018, 2019 und 2022 aus den Punkten belegt, 2020 wie in den übrigen Jahren angenommen). Höchster Wert in Halbfinale oder Finale: 288,63 gloane saubande, Halbfinale 2019.",nfl.com-Export 24.09.2026,1,1,8,2020
team-wochenrekord-2018-2022,Woche,Team-Wochenrekord 2018–2022,"338,43","Hugh Jass, W2/2018, 338,43 : 195,97 gegen Samurai champloo (Regular Season). Danach 2018–2022, nur Spiele mit Gegner (Byes zählen nicht): 336,27 cool runnings 2020 W12 · 327,96 gloane saubande 2018 W4 · 313,33 Hugh Jass 2018 W12, alle Regular Season. Kein Allzeit-Rekord: Ein höherer Wert eines anderen Teams ist bekannt, aber nicht belegt (vermutlich 2023–2025).",nfl.com-Export 24.09.2026,1,1,2,2018
