season,platform,teams,rs_games,scoring_era,qb_format,keeper_mode,keeper_min,division_phase,division_1,division_2,playoff_format,draft_utc
2015,nfl.com,8,14,alt (2015–2017),,,,1,"Hugh Jass, Elephucks, cool runnings, Samurai champloo","SaschaM, Gumpersdorf big cocks, gloane saubande, TheNutCrackerz","6 Teams, Top 3 je Division, Byes Runde 1 für die beiden Divisionssieger",
2016,nfl.com,10,13,alt (2015–2017),,,,2,"Elephucks, Samurai champloo, Gumpersdorf big cocks, TheNutCrackerz, TeamK20","Asse's Cowboys, Hugh Jass, cool runnings, SaschaM, gloane saubande","6 Teams, Top 3 je Division, Byes Runde 1 für die beiden Divisionssieger",
2017,nfl.com,10,13,alt (2015–2017),,,,2,"Elephucks, Samurai champloo, Gumpersdorf big cocks, TheNutCrackerz, TeamK20","Asse's Cowboys, Hugh Jass, cool runnings, SaschaM, gloane saubande","6 Teams, Top 3 je Division, Byes Runde 1 für die beiden Divisionssieger",
2018,nfl.com,10,13,BWG-Scoring ab 2018,2 QB,Keeper in Rd 1–12,,3,"Asse's Cowboys, cool runnings, SaschaM, gloane saubande, Dynamo","Hugh Jass, Elephucks, Samurai champloo, Gumpersdorf big cocks, TeamK20","6 Teams, Top 3 je Division; Divisionssieger Seed 1–2 mit Bye, übrige Seed 3–6 nach W, dann PF; Runde 1 Seed 3–6 und 4–5; Halbfinale ohne Neusetzen (1 gegen Sieger 4–5, 2 gegen Sieger 3–6); Finalwoche: Finale, Spiel um Platz 3 und um Platz 5; Playoffs Wochen 14–16. Halbfinale Hugh Jass – gloane saubande (bestätigt 03.10.2026)",2018-08-29T18:00Z
2019,nfl.com,10,13,BWG-Scoring ab 2018,2 QB,Keeper in Rd 1–12,,3,"Asse's Cowboys, cool runnings, SaschaM, gloane saubande, Dynamo","Hugh Jass, Elephucks, SpicyBears, Gumpersdorf big cocks, TeamK20","6 Teams, Top 3 je Division; Divisionssieger Seed 1–2 mit Bye, übrige Seed 3–6 nach W, dann PF; Runde 1 Seed 3–6 und 4–5; Halbfinale ohne Neusetzen (1 gegen Sieger 4–5, 2 gegen Sieger 3–6); Finalwoche: Finale, Spiel um Platz 3 und um Platz 5; Playoffs Wochen 14–16",2019-08-26T18:00Z
2020,nfl.com,10,13,BWG-Scoring ab 2018,2 QB,Keeper am Draft-Ende,,3,"Asse's Cowboys, cool runnings, SaschaM, gloane saubande, Dynamo","Hugh Jass, Elephucks, SpicyBears, Rotzleffe, SaureGurken","6 Teams, Top 3 je Division; Divisionssieger Seed 1–2 mit Bye, übrige Seed 3–6 nach W, dann PF; Runde 1 Seed 3–6 und 4–5; Halbfinale ohne Neusetzen (1 gegen Sieger 4–5, 2 gegen Sieger 3–6); Finalwoche: Finale, Spiel um Platz 3 und um Platz 5; Playoffs Wochen 14–16. Nach Runde 1 von Hand neu gepaart; Byes für cool runnings und Hugh Jass, gloane saubande (nfl.com-Rang 2, Seed 3) ohne Bye",2020-09-07T18:00Z
2021,nfl.com,10,14,BWG-Scoring ab 2018,2 QB,Keeper am Draft-Ende,10,3,"Asse's Cowboys, cool runnings, SaschaM, gloane saubande, Dynamo","Hugh Jass, Elephucks, SpicyBears, Rotzleffe, SaureGurken","6 Teams, Top 3 je Division; Divisionssieger Seed 1–2 mit Bye, übrige Seed 3–6 nach W, dann PF; Runde 1 Seed 3–6 und 4–5; Halbfinale ohne Neusetzen (1 gegen Sieger 4–5, 2 gegen Sieger 3–6); Finalwoche: Finale, Spiel um Platz 3 und um Platz 5; Playoffs Wochen 15–17. Nach Runde 1 von Hand neu gepaart",2021-08-30T18:00Z
2022,nfl.com,10,14,BWG-Scoring ab 2018,2 QB,Keeper am Draft-Ende,10,3,"Asse's Cowboys, cool runnings, SaschaM, gloane saubande, Dynamo","Hugh Jass, Elephucks, SpicyBears, Rotzleffe, SaureGurken","6 Teams, Top 3 je Division; Divisionssieger Seed 1–2 mit Bye, übrige Seed 3–6 nach W, dann PF; Runde 1 Seed 3–6 und 4–5; Halbfinale ohne Neusetzen (1 gegen Sieger 4–5, 2 gegen Sieger 3–6); Finalwoche: Finale, Spiel um Platz 3 und um Platz 5; Playoffs Wochen 15–17. nfl.com setzte nach Gesamttabelle (Top 6 nach W, dann PF), der LM korrigierte von Hand auf Top 3 je Division",2022-09-04T16:00Z
2023,nfl.com,10,14,BWG-Scoring ab 2018,2 QB,Keeper am Draft-Ende,10,4,"Asse's Cowboys, SaschaM, Rotzleffe, gloane saubande, SaureGurken","Hugh Jass, Elephucks, cool runnings, SpicyBears, Dynamo","6 Teams, Top 3 je Division, Byes Runde 1 für die beiden Divisionssieger",2023-09-04T16:30Z
2024,nfl.com,10,14,BWG-Scoring ab 2018,2 QB,Keeper am Draft-Ende,10,4,"Asse's Cowboys, SaschaM, Rotzleffe, gloane saubande, SaureGurken","Hugh Jass, Elephucks, cool runnings, TeamTy, Dynamo","6 Teams, Top 3 je Division, Byes Runde 1 für die beiden Divisionssieger",2024-09-01T16:30Z
2025,nfl.com,10,14,BWG-Scoring ab 2018,QB + Superflex,Keeper am Draft-Ende,10,4,"Asse's Cowboys, SaschaM, Rotzleffe, gloane saubande, SaureGurken","Hugh Jass, Elephucks, cool runnings, TeamTy, Dynamo","6 Teams, Top 3 je Division, Byes Runde 1 für die beiden Divisionssieger",2025-08-27T17:00Z
2026,ESPN,10,14,BWG-Scoring ab 2018,QB + Superflex,Keeper am Draft-Ende,10,5,"Asse's Cowboys, 4th Down Syndrom, TeamTy, Rotzleffe, Dynamo","Hugh Jass, cool runnings, SaschaM, gloane saubande, SaureGurken","6 Teams, Wochen 15–17, Top 3 je Division, Byes Runde 1 für die beiden Divisionssieger (abgestimmt 29.09.2026)",2026-08-30T16:00Z
