season,slot,team_name,division,div_rank,w,l,pf,pa,final_rank,playoffs,scoring_title
2015,2,Hugh Jass,1,1,11,3,2166.95,1818.70,2,1,1
2015,3,Elephucks,1,4,8,6,1968.65,1965.00,8,0,0
2015,4,cool runnings,1,2,11,3,2119.45,1816.05,1,1,0
2015,5,Samurai champloo,1,3,8,6,2081.65,2041.85,6,1,0
2015,6,SaschaM,2,3,3,11,1644.10,1988.05,5,1,0
2015,7,Gumpersdorf big cocks,2,2,6,8,1906.20,1861.60,3,1,0
2015,8,gloane saubande,2,1,7,7,1948.40,1927.60,4,1,0
2015,9,TheNutCrackerz,2,4,2,12,1611.60,2028.15,7,0,0
2016,1,Asse's Cowboys,2,4,7,6,1713.30,1725.80,7,0,0
2016,2,Hugh Jass,2,1,9,4,2081.90,1742.15,3,1,1
2016,3,Elephucks,1,2,8,5,1833.60,1669.25,1,1,0
2016,4,cool runnings,2,2,8,5,1892.50,1769.55,5,1,0
2016,5,Samurai champloo,1,4,3,10,1644.95,1895.95,9,0,0
2016,6,SaschaM,2,5,6,7,1755.00,1726.60,8,0,0
2016,7,Gumpersdorf big cocks,1,3,5,8,1404.90,1691.25,4,1,0
2016,8,gloane saubande,2,3,8,5,1791.10,1749.30,6,1,0
2016,9,TheNutCrackerz,1,5,2,11,1529.20,1936.90,10,0,0
2016,10,TeamK20,1,1,9,4,1792.65,1532.35,2,1,0
2017,1,Asse's Cowboys,2,5,4,9,2056.10,2216.80,7,0,0
2017,2,Hugh Jass,2,2,9,4,2186.90,1982.25,1,1,0
2017,3,Elephucks,1,3,7,6,1944.00,1951.15,5,1,0
2017,4,cool runnings,2,1,9,4,2295.00,2113.25,3,1,1
2017,5,Samurai champloo,1,4,5,8,1851.70,2005.35,9,0,0
2017,6,SaschaM,2,4,6,7,2035.45,2047.55,8,0,0
2017,7,Gumpersdorf big cocks,1,1,10,3,2128.35,1960.10,4,1,0
2017,8,gloane saubande,2,3,7,6,2191.75,2159.75,2,1,0
2017,9,TheNutCrackerz,1,5,1,12,1876.20,2192.15,10,0,0
2017,10,TeamK20,1,2,7,6,2066.80,2003.90,6,1,0
2018,1,Asse's Cowboys,1,4,3,10,2232.32,2733.59,7,0,0
2018,2,Hugh Jass,2,1,12,1,3532.75,2667.93,1,1,1
2018,3,Elephucks,2,2,11,2,3166.71,2542.51,6,1,0
2018,4,cool runnings,1,1,9,4,2876.39,2528.74,2,1,0
2018,5,Samurai champloo,2,5,4,9,2292.68,2731.12,10,0,0
2018,6,SaschaM,1,3,5,8,2482.84,2581.46,4,1,0
2018,7,Gumpersdorf big cocks,2,4,5,8,2567.92,2708.82,8,0,0
2018,8,gloane saubande,1,2,9,4,2870.55,2649.91,3,1,0
2018,9,Dynamo,1,5,1,12,2135.39,2845.18,9,0,0
2018,10,TeamK20,2,3,6,7,2816.99,2985.28,5,1,0
2019,1,Asse's Cowboys,1,4,5,8,2636.39,2869.39,8,0,0
2019,2,Hugh Jass,2,2,6,7,2768.85,2770.60,1,1,0
2019,3,Elephucks,2,1,12,1,2991.55,2521.91,3,1,0
2019,4,cool runnings,1,1,10,3,3236.80,2658.41,4,1,1
2019,5,SpicyBears,2,5,3,10,2108.58,2715.79,10,0,0
2019,6,SaschaM,1,3,8,5,2565.13,2444.64,6,1,0
2019,7,Gumpersdorf big cocks,2,4,4,9,2578.61,2633.24,7,0,0
2019,8,gloane saubande,1,2,8,5,2857.80,2699.22,2,1,0
2019,9,Dynamo,1,5,4,9,2329.90,2674.79,9,0,0
2019,10,TeamK20,2,3,5,8,2591.76,2677.38,5,1,0
2020,1,Asse's Cowboys,1,3,8,5,2785.03,2906.87,6,1,0
2020,2,Hugh Jass,2,1,8,5,2810.60,2572.32,1,1,0
2020,3,Elephucks,2,2,6,7,2758.30,2544.88,4,1,0
2020,4,cool runnings,1,1,10,3,3005.20,2693.29,2,1,1
2020,5,SpicyBears,2,3,6,7,2287.29,2603.39,3,1,0
2020,6,SaschaM,1,5,5,8,2396.77,2555.64,10,0,0
2020,7,Rotzleffe,2,5,3,10,2313.53,2709.25,9,0,0
2020,8,gloane saubande,1,2,9,4,2850.47,2510.55,5,1,0
2020,9,Dynamo,1,4,5,8,2540.17,2578.24,7,0,0
2020,10,SaureGurken,2,4,5,8,2656.92,2729.85,8,0,0
2021,1,Asse's Cowboys,1,3,8,6,3294.97,2747.85,2,1,1
2021,2,Hugh Jass,2,3,7,7,3006.23,3037.12,4,1,0
2021,3,Elephucks,2,4,5,9,2699.64,2679.52,10,0,0
2021,4,cool runnings,1,1,10,4,3288.89,2778.92,1,1,0
2021,5,SpicyBears,2,5,4,10,2256.80,2796.36,8,0,0
2021,6,SaschaM,1,4,4,10,2289.73,3086.22,9,0,0
2021,7,Rotzleffe,2,1,10,4,2851.30,2532.74,3,1,0
2021,8,gloane saubande,1,2,10,4,2969.70,2657.53,5,1,0
2021,9,Dynamo,1,5,3,11,2567.44,3003.64,7,0,0
2021,10,SaureGurken,2,2,9,5,2719.11,2623.91,6,1,0
2022,1,Asse's Cowboys,1,1,11,3,3213.61,2763.50,1,1,1
2022,2,Hugh Jass,2,1,10,4,2933.04,2569.85,3,1,0
2022,3,Elephucks,2,2,7,7,2579.32,2740.60,4,1,0
2022,4,cool runnings,1,5,6,8,2904.71,2893.45,9,0,0
2022,5,SpicyBears,2,5,2,12,2407.30,2923.15,10,0,0
2022,6,SaschaM,1,4,7,7,2909.20,2898.42,8,0,0
2022,7,Rotzleffe,2,3,5,9,2727.04,2712.99,2,1,0
2022,8,gloane saubande,1,3,8,6,3000.36,2922.81,6,1,0
2022,9,Dynamo,1,2,9,5,2835.00,2694.63,5,1,0
2022,10,SaureGurken,2,4,5,9,2401.45,2791.63,7,0,0
2023,1,Asse's Cowboys,1,1,11,3,3170.19,2735.95,1,1,1
2023,2,Hugh Jass,2,4,7,7,2878.11,2894.63,7,0,0
2023,3,Elephucks,2,2,9,5,2855.81,2734.91,5,1,0
2023,4,cool runnings,2,1,10,4,3148.17,2711.20,2,1,0
2023,5,SpicyBears,2,5,1,13,2290.46,2941.72,9,0,0
2023,6,SaschaM,1,5,4,10,2672.58,2767.02,10,0,0
2023,7,Rotzleffe,1,2,7,7,2838.87,2715.54,6,1,0
2023,8,gloane saubande,1,3,7,7,2814.12,2996.39,3,1,0
2023,9,Dynamo,2,3,9,5,2789.14,2724.01,4,1,0
2023,10,SaureGurken,1,4,5,9,2650.19,2886.27,8,0,0
2024,1,Asse's Cowboys,1,4,7,7,2942.68,2939.27,8,0,0
2024,2,Hugh Jass,2,1,8,6,2997.53,2825.06,1,1,0
2024,3,Elephucks,2,2,8,6,2697.68,2603.46,5,1,0
2024,4,cool runnings,2,3,7,7,2825.57,2734.74,6,1,0
2024,5,TeamTy,2,4,7,7,2606.42,2842.11,9,0,0
2024,6,SaschaM,1,1,10,4,2980.33,2809.62,2,1,0
2024,7,Rotzleffe,1,5,4,10,2899.12,2893.97,7,0,0
2024,8,gloane saubande,1,3,7,7,3007.65,2952.96,4,1,1
2024,9,Dynamo,2,5,4,10,2578.89,2757.70,10,0,0
2024,10,SaureGurken,1,2,8,6,2753.76,2930.74,3,1,0
2025,1,Asse's Cowboys,1,2,9,5,3056.78,2688.83,3,1,0
2025,2,Hugh Jass,2,2,8,6,2993.24,2858.84,6,1,0
2025,3,Elephucks,2,1,11,3,3030.82,2693.95,1,1,0
2025,4,cool runnings,2,4,5,9,2723.93,2891.36,9,0,0
2025,5,TeamTy,2,5,3,11,2445.07,2866.90,10,0,0
2025,6,SaschaM,1,1,9,5,3105.00,2761.68,2,1,1
2025,7,Rotzleffe,1,5,6,8,2605.37,2829.82,7,0,0
2025,8,gloane saubande,1,3,8,6,2775.82,2803.35,4,1,0
2025,9,Dynamo,2,3,5,9,2735.61,2869.94,5,1,0
2025,10,SaureGurken,1,4,6,8,2744.53,2951.50,8,0,0
