season,week,phase,slot,pts,bench_pts,allplay_w,allplay_l,allplay_t,result
2018,1,RS,1,145.14,115.23,0,9,0,L
2018,1,RS,2,174.40,132.90,1,8,0,L
2018,1,RS,3,230.60,70.80,7,2,0,W
2018,1,RS,4,292.87,94.73,9,0,0,W
2018,1,RS,5,207.33,46.33,5,4,0,W
2018,1,RS,6,191.67,86.80,2,7,0,W
2018,1,RS,7,203.36,206.03,4,5,0,L
2018,1,RS,8,277.84,31.10,8,1,0,W
2018,1,RS,9,226.20,87.83,6,3,0,L
2018,1,RS,10,202.80,113.83,3,6,0,L
2018,2,RS,1,189.30,135.96,1,8,0,L
2018,2,RS,2,338.43,89.27,9,0,0,W
2018,2,RS,3,220.53,77.53,6,3,0,W
2018,2,RS,4,225.37,188.97,7,2,0,W
2018,2,RS,5,195.97,99.33,2,7,0,L
2018,2,RS,6,170.37,82.00,0,9,0,L
2018,2,RS,7,242.13,131.13,8,1,0,W
2018,2,RS,8,198.46,42.80,3,6,0,L
2018,2,RS,9,219.54,92.37,5,4,0,W
2018,2,RS,10,216.57,116.13,4,5,0,L
2018,3,RS,1,170.30,149.57,2,7,0,W
2018,3,RS,2,298.73,111.14,9,0,0,W
2018,3,RS,3,205.04,80.80,6,3,0,W
2018,3,RS,4,162.14,99.30,1,8,0,L
2018,3,RS,5,190.90,33.00,4,5,0,L
2018,3,RS,6,206.37,84.00,7,2,0,W
2018,3,RS,7,180.70,171.10,3,6,0,L
2018,3,RS,8,193.16,68.63,5,4,0,W
2018,3,RS,9,139.53,70.24,0,9,0,L
2018,3,RS,10,270.17,162.27,8,1,0,L
2018,4,RS,1,179.34,46.97,1,8,0,L
2018,4,RS,2,283.97,138.73,8,1,0,W
2018,4,RS,3,245.67,133.50,4,5,0,L
2018,4,RS,4,264.70,163.73,7,2,0,W
2018,4,RS,5,225.54,29.33,2,7,0,L
2018,4,RS,6,252.07,72.47,6,3,0,L
2018,4,RS,7,248.93,30.90,5,4,0,W
2018,4,RS,8,327.96,74.87,9,0,0,W
2018,4,RS,9,147.97,27.10,0,9,0,L
2018,4,RS,10,239.67,98.84,3,6,0,W
2018,5,RS,1,201.80,87.67,4,5,0,L
2018,5,RS,2,237.70,89.24,8,1,0,W
2018,5,RS,3,241.10,126.53,9,0,0,W
2018,5,RS,4,219.10,123.97,6,3,0,W
2018,5,RS,5,154.90,43.13,0,9,0,L
2018,5,RS,6,201.63,59.10,3,6,0,L
2018,5,RS,7,171.50,87.20,1,8,0,L
2018,5,RS,8,219.30,118.97,7,2,0,W
2018,5,RS,9,179.30,30.00,2,7,0,L
2018,5,RS,10,204.70,95.53,5,4,0,W
2018,6,RS,1,179.20,44.30,2,7,0,L
2018,6,RS,2,277.57,112.07,9,0,0,W
2018,6,RS,3,277.16,145.07,8,1,0,W
2018,6,RS,4,212.94,127.57,5,4,0,W
2018,6,RS,5,214.07,80.47,6,3,0,W
2018,6,RS,6,194.73,78.03,3,6,0,L
2018,6,RS,7,204.40,41.70,4,5,0,W
2018,6,RS,8,220.40,130.03,7,2,0,L
2018,6,RS,9,163.90,53.90,1,8,0,L
2018,6,RS,10,163.27,140.13,0,9,0,L
2018,7,RS,1,110.94,35.10,0,9,0,L
2018,7,RS,2,282.54,142.10,9,0,0,W
2018,7,RS,3,257.70,56.63,8,1,0,W
2018,7,RS,4,161.50,65.80,4,5,0,W
2018,7,RS,5,131.50,41.60,2,7,0,W
2018,7,RS,6,190.40,116.90,6,3,0,L
2018,7,RS,7,126.10,29.10,1,8,0,L
2018,7,RS,8,180.37,97.23,5,4,0,L
2018,7,RS,9,148.91,73.30,3,6,0,L
2018,7,RS,10,211.60,123.66,7,2,0,W
2018,8,RS,1,148.30,54.73,0,9,0,L
2018,8,RS,2,248.07,63.60,6,3,0,W
2018,8,RS,3,264.24,103.77,9,0,0,W
2018,8,RS,4,190.20,68.17,2,7,0,L
2018,8,RS,5,201.30,43.17,3,6,0,W
2018,8,RS,6,204.97,16.50,4,5,0,L
2018,8,RS,7,211.40,67.53,5,4,0,W
2018,8,RS,8,261.36,96.54,8,1,0,W
2018,8,RS,9,184.34,57.10,1,8,0,L
2018,8,RS,10,248.10,79.97,7,2,0,L
2018,9,RS,1,113.34,1.00,0,9,0,L
2018,9,RS,2,257.67,88.73,9,0,0,W
2018,9,RS,3,257.44,96.10,8,1,0,W
2018,9,RS,4,235.70,91.27,7,2,0,W
2018,9,RS,5,123.83,41.60,1,8,0,L
2018,9,RS,6,136.87,63.20,2,7,0,L
2018,9,RS,7,204.37,85.16,6,3,0,W
2018,9,RS,8,146.33,64.10,3,6,0,W
2018,9,RS,9,185.17,45.40,4,5,0,L
2018,9,RS,10,195.77,47.20,5,4,0,L
2018,10,RS,1,251.80,18.70,6,3,0,W
2018,10,RS,2,278.80,66.60,9,0,0,W
2018,10,RS,3,268.54,126.60,7,2,0,W
2018,10,RS,4,206.13,81.60,4,5,0,L
2018,10,RS,5,195.07,-0.40,2,7,0,L
2018,10,RS,6,176.37,26.10,1,8,0,L
2018,10,RS,7,230.34,96.50,5,4,0,L
2018,10,RS,8,196.30,77.90,3,6,0,W
2018,10,RS,9,79.74,106.13,0,9,0,L
2018,10,RS,10,270.67,53.50,8,1,0,W
2018,11,RS,1,187.47,40.10,4,5,0,W
2018,11,RS,2,302.10,87.67,9,0,0,W
2018,11,RS,3,275.23,109.67,8,1,0,W
2018,11,RS,4,250.17,66.20,7,2,0,W
2018,11,RS,5,146.60,58.77,0,9,0,L
2018,11,RS,6,180.43,33.17,3,6,0,W
2018,11,RS,7,179.83,83.20,2,7,0,L
2018,11,RS,8,222.37,44.60,6,3,0,L
2018,11,RS,9,156.23,10.10,1,8,0,L
2018,11,RS,10,202.57,9.10,5,4,0,L
2018,12,RS,1,177.43,110.27,4,5,0,L
2018,12,RS,2,313.33,108.30,9,0,0,W
2018,12,RS,3,230.40,95.10,6,3,0,L
2018,12,RS,4,249.84,62.43,8,1,0,W
2018,12,RS,5,168.57,55.33,2,7,0,L
2018,12,RS,6,166.93,86.27,1,8,0,W
2018,12,RS,7,173.93,151.47,3,6,0,L
2018,12,RS,8,239.37,95.67,7,2,0,W
2018,12,RS,9,141.23,52.37,0,9,0,L
2018,12,RS,10,193.70,72.00,5,4,0,W
2018,13,RS,1,177.96,101.40,2,7,0,L
2018,13,RS,2,239.44,123.43,9,0,0,W
2018,13,RS,3,193.06,48.93,5,4,0,W
2018,13,RS,4,205.73,124.40,7,2,0,L
2018,13,RS,5,137.10,44.77,0,9,0,L
2018,13,RS,6,210.03,83.20,8,1,0,W
2018,13,RS,7,190.93,80.10,4,5,0,L
2018,13,RS,8,187.33,92.13,3,6,0,W
2018,13,RS,9,163.33,77.93,1,8,0,L
2018,13,RS,10,197.40,85.27,6,3,0,W
2018,14,PO,1,104.03,97.93,,,,
2018,14,PO,2,234.03,97.17,,,,
2018,14,PO,3,208.60,105.33,,,,
2018,14,PO,4,317.50,85.50,,,,
2018,14,PO,5,127.80,17.80,,,,
2018,14,PO,6,246.37,99.20,,,,
2018,14,PO,7,168.44,65.30,,,,
2018,14,PO,8,231.07,72.10,,,,
2018,14,PO,9,141.56,96.23,,,,
2018,14,PO,10,167.50,75.17,,,,
2018,15,PO,1,169.70,107.87,,,,
2018,15,PO,2,197.30,103.47,,,,
2018,15,PO,3,229.47,139.57,,,,
2018,15,PO,4,232.73,104.40,,,,
2018,15,PO,5,141.90,16.30,,,,
2018,15,PO,6,128.44,32.40,,,,
2018,15,PO,7,159.33,78.00,,,,
2018,15,PO,8,180.43,42.13,,,,
2018,15,PO,9,127.83,75.17,,,,
2018,15,PO,10,175.83,86.63,,,,
2018,16,PO,1,212.34,95.33,,,,
2018,16,PO,2,233.90,87.96,,,,
2018,16,PO,3,248.87,152.13,,,,
2018,16,PO,4,157.13,107.26,,,,
2018,16,PO,5,187.70,37.00,,,,
2018,16,PO,6,174.37,27.70,,,,
2018,16,PO,7,190.73,73.30,,,,
2018,16,PO,8,224.67,44.30,,,,
2018,16,PO,9,207.67,74.04,,,,
2018,16,PO,10,255.53,145.43,,,,
2019,1,RS,1,247.87,228.70,6,3,0,L
2019,1,RS,2,200.10,106.57,3,6,0,L
2019,1,RS,3,263.39,138.37,7,2,0,W
2019,1,RS,4,306.53,141.47,9,0,0,W
2019,1,RS,5,217.37,110.06,5,4,0,W
2019,1,RS,6,285.70,80.57,8,1,0,W
2019,1,RS,7,170.70,115.30,1,8,0,L
2019,1,RS,8,160.06,99.60,0,9,0,L
2019,1,RS,9,206.90,95.23,4,5,0,W
2019,1,RS,10,194.24,43.60,2,7,0,L
2019,2,RS,1,178.87,110.56,3,6,0,L
2019,2,RS,2,262.50,128.60,8,1,0,W
2019,2,RS,3,195.96,92.17,6,3,0,W
2019,2,RS,4,272.13,136.30,9,0,0,W
2019,2,RS,5,153.53,57.00,1,8,0,L
2019,2,RS,6,174.47,90.57,2,7,0,L
2019,2,RS,7,188.83,116.27,4,5,0,W
2019,2,RS,8,239.66,67.33,7,2,0,L
2019,2,RS,9,193.50,76.80,5,4,0,W
2019,2,RS,10,120.53,111.57,0,9,0,L
2019,3,RS,1,232.47,65.47,4,5,0,L
2019,3,RS,2,255.10,147.20,6,3,0,W
2019,3,RS,3,259.90,102.27,8,1,0,W
2019,3,RS,4,268.60,142.93,9,0,0,W
2019,3,RS,5,168.10,43.03,0,9,0,L
2019,3,RS,6,179.60,61.80,2,7,0,W
2019,3,RS,7,256.07,90.90,7,2,0,L
2019,3,RS,8,251.50,94.70,5,4,0,W
2019,3,RS,9,178.47,64.80,1,8,0,L
2019,3,RS,10,220.20,102.70,3,6,0,L
2019,4,RS,1,157.30,79.20,1,8,0,L
2019,4,RS,2,206.27,71.17,6,3,0,L
2019,4,RS,3,210.00,71.37,7,2,0,W
2019,4,RS,4,172.37,142.00,2,7,0,L
2019,4,RS,5,143.67,36.00,0,9,0,L
2019,4,RS,6,223.44,86.60,8,1,0,W
2019,4,RS,7,180.24,118.40,3,6,0,L
2019,4,RS,8,281.14,72.56,9,0,0,W
2019,4,RS,9,195.70,54.20,5,4,0,W
2019,4,RS,10,183.77,97.57,4,5,0,W
2019,5,RS,1,227.34,84.60,6,3,0,W
2019,5,RS,2,257.06,53.70,8,1,0,W
2019,5,RS,3,230.14,65.47,7,2,0,W
2019,5,RS,4,309.07,105.00,9,0,0,W
2019,5,RS,5,178.07,10.90,1,8,0,L
2019,5,RS,6,190.40,112.33,2,7,0,L
2019,5,RS,7,213.27,146.46,4,5,0,L
2019,5,RS,8,207.63,67.90,3,6,0,W
2019,5,RS,9,163.87,55.90,0,9,0,L
2019,5,RS,10,225.97,71.90,5,4,0,L
2019,6,RS,1,165.57,37.97,1,8,0,L
2019,6,RS,2,171.40,97.13,2,7,0,L
2019,6,RS,3,239.64,96.40,7,2,0,W
2019,6,RS,4,242.20,77.97,9,0,0,W
2019,6,RS,5,150.94,34.57,0,9,0,L
2019,6,RS,6,221.37,33.30,5,4,0,W
2019,6,RS,7,240.93,73.73,8,1,0,W
2019,6,RS,8,224.03,23.30,6,3,0,L
2019,6,RS,9,175.03,53.90,3,6,0,W
2019,6,RS,10,201.37,63.63,4,5,0,L
2019,7,RS,1,158.64,132.44,2,7,0,W
2019,7,RS,2,179.74,14.43,5,4,0,L
2019,7,RS,3,179.06,158.83,4,5,0,W
2019,7,RS,4,251.73,65.43,9,0,0,W
2019,7,RS,5,153.23,27.80,1,8,0,L
2019,7,RS,6,139.63,63.90,0,9,0,L
2019,7,RS,7,186.03,92.90,6,3,0,L
2019,7,RS,8,223.46,24.20,8,1,0,W
2019,7,RS,9,164.63,44.80,3,6,0,L
2019,7,RS,10,197.00,30.10,7,2,0,W
2019,8,RS,1,177.13,48.04,3,6,0,L
2019,8,RS,2,283.97,80.43,8,1,0,W
2019,8,RS,3,281.50,98.24,7,2,0,W
2019,8,RS,4,301.27,79.20,9,0,0,W
2019,8,RS,5,127.20,65.00,0,9,0,L
2019,8,RS,6,180.54,96.70,4,5,0,W
2019,8,RS,7,138.30,57.70,1,8,0,L
2019,8,RS,8,223.63,63.50,5,4,0,L
2019,8,RS,9,156.47,63.30,2,7,0,L
2019,8,RS,10,269.27,92.13,6,3,0,W
2019,9,RS,1,260.27,127.00,9,0,0,W
2019,9,RS,2,130.66,52.00,0,9,0,L
2019,9,RS,3,250.60,121.40,8,1,0,W
2019,9,RS,4,201.03,62.67,5,4,0,W
2019,9,RS,5,158.80,65.03,2,7,0,W
2019,9,RS,6,214.76,74.40,7,2,0,W
2019,9,RS,7,135.50,132.17,1,8,0,L
2019,9,RS,8,164.34,45.33,3,6,0,L
2019,9,RS,9,177.57,60.50,4,5,0,L
2019,9,RS,10,209.70,54.90,6,3,0,L
2019,10,RS,1,181.00,58.03,2,7,0,W
2019,10,RS,2,262.66,39.30,8,1,0,W
2019,10,RS,3,244.43,71.86,7,2,0,L
2019,10,RS,4,271.70,22.50,9,0,0,W
2019,10,RS,5,216.10,47.93,4,5,0,L
2019,10,RS,6,159.90,40.80,1,8,0,L
2019,10,RS,7,236.80,22.67,6,3,0,W
2019,10,RS,8,193.54,112.66,3,6,0,W
2019,10,RS,9,145.47,64.80,0,9,0,L
2019,10,RS,10,219.50,38.10,5,4,0,L
2019,11,RS,1,240.17,42.80,8,1,0,W
2019,11,RS,2,224.56,49.73,6,3,0,W
2019,11,RS,3,204.40,90.57,4,5,0,W
2019,11,RS,4,234.27,105.80,7,2,0,L
2019,11,RS,5,195.00,31.90,2,7,0,W
2019,11,RS,6,159.94,28.70,1,8,0,L
2019,11,RS,7,202.70,40.03,3,6,0,L
2019,11,RS,8,258.17,75.57,9,0,0,W
2019,11,RS,9,215.26,56.60,5,4,0,L
2019,11,RS,10,138.84,56.10,0,9,0,L
2019,12,RS,1,190.16,96.67,2,7,0,L
2019,12,RS,2,142.23,29.70,1,8,0,L
2019,12,RS,3,222.96,35.63,9,0,0,W
2019,12,RS,4,211.90,67.87,6,3,0,W
2019,12,RS,5,125.90,18.20,0,9,0,L
2019,12,RS,6,221.44,68.37,8,1,0,W
2019,12,RS,7,201.64,76.37,4,5,0,L
2019,12,RS,8,209.54,76.30,5,4,0,W
2019,12,RS,9,201.30,39.50,3,6,0,L
2019,12,RS,10,214.57,96.40,7,2,0,W
2019,13,RS,1,219.60,102.50,7,2,0,L
2019,13,RS,2,192.60,144.27,2,7,0,L
2019,13,RS,3,209.57,109.57,5,4,0,W
2019,13,RS,4,194.00,109.80,3,6,0,L
2019,13,RS,5,120.67,120.93,0,9,0,L
2019,13,RS,6,213.94,96.40,6,3,0,W
2019,13,RS,7,227.60,81.13,9,0,0,W
2019,13,RS,8,221.10,101.90,8,1,0,W
2019,13,RS,9,155.73,120.47,1,8,0,L
2019,13,RS,10,196.80,79.47,4,5,0,W
2019,14,PO,1,217.40,90.03,,,,
2019,14,PO,2,202.27,106.03,,,,
2019,14,PO,3,232.47,116.63,,,,
2019,14,PO,4,205.54,94.97,,,,
2019,14,PO,5,167.40,22.87,,,,
2019,14,PO,6,197.77,101.60,,,,
2019,14,PO,7,230.30,89.56,,,,
2019,14,PO,8,185.00,103.83,,,,
2019,14,PO,9,247.93,167.16,,,,
2019,14,PO,10,178.87,73.30,,,,
2019,15,PO,1,161.50,59.67,,,,
2019,15,PO,2,268.90,70.90,,,,
2019,15,PO,3,263.80,93.40,,,,
2019,15,PO,4,224.76,158.90,,,,
2019,15,PO,5,138.27,16.17,,,,
2019,15,PO,6,213.46,88.50,,,,
2019,15,PO,7,198.87,103.17,,,,
2019,15,PO,8,288.63,81.80,,,,
2019,15,PO,9,171.17,44.70,,,,
2019,15,PO,10,202.27,60.20,,,,
2019,16,PO,1,176.10,81.07,,,,
2019,16,PO,2,282.73,129.93,,,,
2019,16,PO,3,219.90,83.17,,,,
2019,16,PO,4,158.44,120.07,,,,
2019,16,PO,5,110.00,54.40,,,,
2019,16,PO,6,199.60,22.90,,,,
2019,16,PO,7,226.73,87.40,,,,
2019,16,PO,8,205.50,88.27,,,,
2019,16,PO,9,165.13,68.33,,,,
2019,16,PO,10,211.37,125.17,,,,
2020,1,RS,1,204.17,119.27,5,4,0,L
2020,1,RS,2,208.50,130.30,6,3,0,L
2020,1,RS,3,171.70,103.70,0,9,0,L
2020,1,RS,4,223.46,137.23,8,1,0,W
2020,1,RS,5,195.10,102.67,2,7,0,W
2020,1,RS,6,234.73,106.53,9,0,0,W
2020,1,RS,7,192.73,85.07,1,8,0,L
2020,1,RS,8,220.80,116.17,7,2,0,W
2020,1,RS,9,198.13,105.30,4,5,0,L
2020,1,RS,10,197.17,57.80,3,6,0,W
2020,2,RS,1,254.87,127.63,7,2,0,W
2020,2,RS,2,258.03,124.13,8,1,0,W
2020,2,RS,3,218.10,108.40,4,5,0,W
2020,2,RS,4,260.80,92.17,9,0,0,W
2020,2,RS,5,182.40,44.37,1,8,0,L
2020,2,RS,6,159.40,79.37,0,9,0,L
2020,2,RS,7,217.27,113.07,3,6,0,W
2020,2,RS,8,230.83,113.77,5,4,0,L
2020,2,RS,9,248.66,63.47,6,3,0,L
2020,2,RS,10,194.43,46.70,2,7,0,L
2020,3,RS,1,292.73,145.00,9,0,0,W
2020,3,RS,2,219.87,96.20,5,4,0,W
2020,3,RS,3,222.70,79.27,6,3,0,W
2020,3,RS,4,284.10,146.30,8,1,0,L
2020,3,RS,5,157.83,44.73,1,8,0,L
2020,3,RS,6,158.97,78.87,2,7,0,W
2020,3,RS,7,177.27,86.40,3,6,0,L
2020,3,RS,8,231.60,66.63,7,2,0,W
2020,3,RS,9,136.17,120.03,0,9,0,L
2020,3,RS,10,187.50,73.53,4,5,0,L
2020,4,RS,1,234.00,152.96,7,2,0,W
2020,4,RS,2,252.56,28.90,8,1,0,W
2020,4,RS,3,202.37,99.03,4,5,0,L
2020,4,RS,4,264.07,133.20,9,0,0,W
2020,4,RS,5,152.50,14.50,0,9,0,L
2020,4,RS,6,191.10,110.07,3,6,0,L
2020,4,RS,7,158.60,16.90,1,8,0,L
2020,4,RS,8,231.20,127.63,6,3,0,L
2020,4,RS,9,161.93,71.87,2,7,0,W
2020,4,RS,10,227.37,75.10,5,4,0,W
2020,5,RS,1,240.57,75.26,5,4,0,L
2020,5,RS,2,254.07,82.53,9,0,0,W
2020,5,RS,3,196.50,43.30,3,6,0,W
2020,5,RS,4,144.54,92.77,2,7,0,L
2020,5,RS,5,126.03,65.60,1,8,0,L
2020,5,RS,6,244.60,104.20,7,2,0,W
2020,5,RS,7,118.07,15.00,0,9,0,L
2020,5,RS,8,217.50,48.40,4,5,0,L
2020,5,RS,9,250.03,65.00,8,1,0,W
2020,5,RS,10,242.70,57.20,6,3,0,W
2020,6,RS,1,182.50,57.80,4,5,0,W
2020,6,RS,2,181.20,93.37,2,7,0,L
2020,6,RS,3,181.73,113.90,3,6,0,L
2020,6,RS,4,220.17,110.07,9,0,0,W
2020,6,RS,5,126.53,57.27,0,9,0,L
2020,6,RS,6,215.53,22.10,8,1,0,W
2020,6,RS,7,174.80,29.27,1,8,0,L
2020,6,RS,8,201.17,71.70,6,3,0,W
2020,6,RS,9,211.13,67.40,7,2,0,W
2020,6,RS,10,199.66,27.50,5,4,0,L
2020,7,RS,1,207.30,67.34,6,3,0,W
2020,7,RS,2,160.10,36.53,1,8,0,L
2020,7,RS,3,301.77,73.93,9,0,0,W
2020,7,RS,4,283.13,84.67,8,1,0,W
2020,7,RS,5,119.57,109.37,0,9,0,L
2020,7,RS,6,197.26,51.30,4,5,0,W
2020,7,RS,7,199.26,85.67,5,4,0,L
2020,7,RS,8,235.70,84.00,7,2,0,W
2020,7,RS,9,177.30,74.60,2,7,0,L
2020,7,RS,10,189.47,30.20,3,6,0,L
2020,8,RS,1,217.23,128.57,9,0,0,W
2020,8,RS,2,198.40,65.03,5,4,0,L
2020,8,RS,3,177.27,29.07,2,7,0,L
2020,8,RS,4,164.10,56.20,1,8,0,L
2020,8,RS,5,203.80,52.60,6,3,0,W
2020,8,RS,6,177.63,30.20,3,6,0,L
2020,8,RS,7,178.13,49.20,4,5,0,W
2020,8,RS,8,214.24,45.50,8,1,0,W
2020,8,RS,9,205.23,110.20,7,2,0,W
2020,8,RS,10,150.43,27.60,0,9,0,L
2020,9,RS,1,178.73,107.24,1,8,0,L
2020,9,RS,2,254.07,61.00,8,1,0,W
2020,9,RS,3,310.90,75.70,9,0,0,W
2020,9,RS,4,191.10,61.43,4,5,0,W
2020,9,RS,5,244.93,91.07,7,2,0,W
2020,9,RS,6,170.37,19.80,0,9,0,L
2020,9,RS,7,183.00,27.80,2,7,0,L
2020,9,RS,8,226.10,42.70,6,3,0,W
2020,9,RS,9,189.53,56.93,3,6,0,L
2020,9,RS,10,221.96,64.60,5,4,0,L
2020,10,RS,1,173.70,102.43,4,5,0,W
2020,10,RS,2,147.16,35.20,0,9,0,L
2020,10,RS,3,195.10,65.77,7,2,0,L
2020,10,RS,4,211.26,48.37,8,1,0,W
2020,10,RS,5,219.87,81.40,9,0,0,W
2020,10,RS,6,149.44,15.30,1,8,0,L
2020,10,RS,7,156.37,35.90,3,6,0,W
2020,10,RS,8,188.60,144.54,6,3,0,W
2020,10,RS,9,176.57,95.27,5,4,0,L
2020,10,RS,10,153.17,114.37,2,7,0,L
2020,11,RS,1,222.63,26.47,8,1,0,W
2020,11,RS,2,256.14,99.50,9,0,0,W
2020,11,RS,3,216.26,28.10,7,2,0,W
2020,11,RS,4,213.40,55.67,6,3,0,W
2020,11,RS,5,162.77,89.73,1,8,0,W
2020,11,RS,6,143.87,40.00,0,9,0,L
2020,11,RS,7,193.80,62.73,2,7,0,L
2020,11,RS,8,199.17,119.46,4,5,0,L
2020,11,RS,9,195.30,62.80,3,6,0,L
2020,11,RS,10,212.76,54.40,5,4,0,L
2020,12,RS,1,174.74,94.10,1,8,0,L
2020,12,RS,2,191.90,32.20,4,5,0,W
2020,12,RS,3,187.20,50.83,3,6,0,L
2020,12,RS,4,336.27,92.00,9,0,0,W
2020,12,RS,5,178.13,73.33,2,7,0,L
2020,12,RS,6,195.03,79.23,6,3,0,L
2020,12,RS,7,160.73,81.10,0,9,0,L
2020,12,RS,8,194.80,95.73,5,4,0,W
2020,12,RS,9,195.46,52.27,7,2,0,W
2020,12,RS,10,263.90,95.80,8,1,0,W
2020,13,RS,1,201.86,176.70,3,6,0,L
2020,13,RS,2,228.60,76.87,8,1,0,W
2020,13,RS,3,176.70,48.30,1,8,0,L
2020,13,RS,4,208.80,88.80,5,4,0,W
2020,13,RS,5,217.83,50.30,7,2,0,W
2020,13,RS,6,158.84,51.20,0,9,0,L
2020,13,RS,7,203.50,26.70,4,5,0,L
2020,13,RS,8,258.76,105.67,9,0,0,W
2020,13,RS,9,194.73,62.00,2,7,0,L
2020,13,RS,10,216.40,93.23,6,3,0,W
2020,14,PO,1,204.83,91.74,,,,
2020,14,PO,2,180.33,105.07,,,,
2020,14,PO,3,206.20,71.50,,,,
2020,14,PO,4,223.34,110.67,,,,
2020,14,PO,5,232.60,49.57,,,,
2020,14,PO,6,188.24,49.30,,,,
2020,14,PO,7,184.26,26.80,,,,
2020,14,PO,8,220.47,158.96,,,,
2020,14,PO,9,221.90,89.60,,,,
2020,14,PO,10,174.77,149.57,,,,
2020,15,PO,1,211.80,177.73,,,,
2020,15,PO,2,236.16,45.00,,,,
2020,15,PO,3,188.20,76.60,,,,
2020,15,PO,4,207.90,73.44,,,,
2020,15,PO,5,182.03,73.03,,,,
2020,15,PO,6,177.00,97.00,,,,
2020,15,PO,7,221.16,64.40,,,,
2020,15,PO,8,240.63,84.27,,,,
2020,15,PO,9,220.93,117.20,,,,
2020,15,PO,10,232.87,75.97,,,,
2020,16,PO,1,248.57,104.23,,,,
2020,16,PO,2,233.63,82.50,,,,
2020,16,PO,3,171.87,95.57,,,,
2020,16,PO,4,229.27,76.20,,,,
2020,16,PO,5,236.86,143.73,,,,
2020,16,PO,6,137.70,68.53,,,,
2020,16,PO,7,157.17,42.90,,,,
2020,16,PO,8,306.50,87.63,,,,
2020,16,PO,9,238.67,21.80,,,,
2020,16,PO,10,198.30,116.77,,,,
2021,1,RS,1,219.06,164.97,5,4,0,L
2021,1,RS,2,214.84,175.86,3,6,0,L
2021,1,RS,3,195.64,71.40,2,7,0,L
2021,1,RS,4,285.94,130.86,9,0,0,W
2021,1,RS,5,144.40,87.37,0,9,0,L
2021,1,RS,6,234.43,102.30,7,2,0,W
2021,1,RS,7,214.90,91.70,4,5,0,W
2021,1,RS,8,237.27,123.63,8,1,0,W
2021,1,RS,9,170.53,121.93,1,8,0,L
2021,1,RS,10,228.93,135.47,6,3,0,W
2021,2,RS,1,254.60,108.66,8,1,0,W
2021,2,RS,2,232.27,109.77,6,3,0,W
2021,2,RS,3,299.57,125.03,9,0,0,W
2021,2,RS,4,215.30,94.30,4,5,0,L
2021,2,RS,5,208.40,123.70,3,6,0,L
2021,2,RS,6,146.54,58.83,0,9,0,L
2021,2,RS,7,217.90,60.00,5,4,0,W
2021,2,RS,8,249.70,117.27,7,2,0,W
2021,2,RS,9,183.17,89.76,1,8,0,L
2021,2,RS,10,192.07,60.37,2,7,0,L
2021,3,RS,1,221.04,202.90,5,4,0,L
2021,3,RS,2,178.80,84.53,4,5,0,L
2021,3,RS,3,139.97,108.87,1,8,0,L
2021,3,RS,4,238.37,109.73,7,2,0,W
2021,3,RS,5,139.26,142.93,0,9,0,L
2021,3,RS,6,160.87,37.80,3,6,0,L
2021,3,RS,7,154.03,76.67,2,7,0,W
2021,3,RS,8,242.66,164.63,8,1,0,W
2021,3,RS,9,265.36,66.67,9,0,0,W
2021,3,RS,10,223.03,100.20,6,3,0,W
2021,4,RS,1,166.16,101.97,2,7,0,L
2021,4,RS,2,275.66,110.10,9,0,0,W
2021,4,RS,3,232.94,75.93,8,1,0,L
2021,4,RS,4,221.36,152.77,6,3,0,W
2021,4,RS,5,146.26,191.00,0,9,0,L
2021,4,RS,6,153.80,84.50,1,8,0,L
2021,4,RS,7,223.34,89.20,7,2,0,W
2021,4,RS,8,191.73,158.10,3,6,0,W
2021,4,RS,9,205.94,75.50,4,5,0,L
2021,4,RS,10,207.60,59.90,5,4,0,W
2021,5,RS,1,254.83,137.86,8,1,0,L
2021,5,RS,2,186.36,116.10,3,6,0,L
2021,5,RS,3,163.23,123.13,0,9,0,L
2021,5,RS,4,254.33,117.20,7,2,0,W
2021,5,RS,5,175.33,169.63,2,7,0,W
2021,5,RS,6,167.87,19.80,1,8,0,L
2021,5,RS,7,226.63,127.60,5,4,0,W
2021,5,RS,8,249.10,131.70,6,3,0,W
2021,5,RS,9,187.23,100.76,4,5,0,L
2021,5,RS,10,269.33,77.33,9,0,0,W
2021,6,RS,1,259.43,101.86,8,1,0,W
2021,6,RS,2,275.94,52.27,9,0,0,W
2021,6,RS,3,186.27,83.40,4,5,0,W
2021,6,RS,4,234.77,118.90,6,3,0,W
2021,6,RS,5,175.33,68.43,2,7,0,W
2021,6,RS,6,193.64,18.90,5,4,0,L
2021,6,RS,7,251.77,39.70,7,2,0,L
2021,6,RS,8,156.40,126.74,1,8,0,L
2021,6,RS,9,148.83,0.00,0,9,0,L
2021,6,RS,10,180.87,80.10,3,6,0,L
2021,7,RS,1,220.60,47.10,5,4,0,W
2021,7,RS,2,177.73,32.47,2,7,0,L
2021,7,RS,3,264.77,46.77,9,0,0,W
2021,7,RS,4,207.04,38.00,3,6,0,L
2021,7,RS,5,147.44,63.20,1,8,0,L
2021,7,RS,6,81.17,5.00,0,9,0,L
2021,7,RS,7,229.56,64.40,6,3,0,W
2021,7,RS,8,246.96,72.27,8,1,0,W
2021,7,RS,9,232.33,15.40,7,2,0,L
2021,7,RS,10,209.00,17.00,4,5,0,W
2021,8,RS,1,197.23,128.37,6,3,0,W
2021,8,RS,2,208.83,66.40,7,2,0,L
2021,8,RS,3,154.64,108.57,2,7,0,L
2021,8,RS,4,276.37,34.57,9,0,0,W
2021,8,RS,5,148.97,102.00,1,8,0,L
2021,8,RS,6,113.83,10.10,0,9,0,L
2021,8,RS,7,168.60,98.23,4,5,0,W
2021,8,RS,8,168.54,39.94,3,6,0,L
2021,8,RS,9,232.87,26.70,8,1,0,W
2021,8,RS,10,188.57,89.07,5,4,0,W
2021,9,RS,1,191.23,43.90,4,5,0,L
2021,9,RS,2,224.30,48.30,8,1,0,W
2021,9,RS,3,187.97,80.80,3,6,0,L
2021,9,RS,4,196.20,66.10,7,2,0,W
2021,9,RS,5,160.63,34.50,1,8,0,W
2021,9,RS,6,194.97,33.80,5,4,0,L
2021,9,RS,7,151.90,58.07,0,9,0,L
2021,9,RS,8,247.30,91.07,9,0,0,W
2021,9,RS,9,164.36,33.33,2,7,0,L
2021,9,RS,10,195.10,52.14,6,3,0,W
2021,10,RS,1,236.80,69.53,8,1,0,W
2021,10,RS,2,237.37,71.10,9,0,0,W
2021,10,RS,3,152.60,66.57,3,6,0,L
2021,10,RS,4,213.00,87.73,7,2,0,W
2021,10,RS,5,139.77,54.50,2,7,0,L
2021,10,RS,6,132.10,14.43,1,8,0,L
2021,10,RS,7,125.40,53.73,0,9,0,L
2021,10,RS,8,172.37,90.07,5,4,0,W
2021,10,RS,9,165.40,34.13,4,5,0,L
2021,10,RS,10,174.87,50.33,6,3,0,W
2021,11,RS,1,280.50,105.80,9,0,0,W
2021,11,RS,2,210.10,36.80,5,4,0,W
2021,11,RS,3,211.27,103.44,6,3,0,W
2021,11,RS,4,216.07,46.33,7,2,0,L
2021,11,RS,5,169.73,111.30,4,5,0,W
2021,11,RS,6,122.53,34.20,1,8,0,L
2021,11,RS,7,162.47,64.20,3,6,0,L
2021,11,RS,8,226.93,57.10,8,1,0,W
2021,11,RS,9,120.36,114.00,0,9,0,L
2021,11,RS,10,151.43,82.23,2,7,0,L
2021,12,RS,1,229.63,54.87,8,1,0,L
2021,12,RS,2,212.10,77.30,7,2,0,W
2021,12,RS,3,204.74,89.90,6,3,0,L
2021,12,RS,4,240.67,54.33,9,0,0,W
2021,12,RS,5,168.74,78.70,2,7,0,L
2021,12,RS,6,165.56,47.40,1,8,0,W
2021,12,RS,7,203.70,49.30,5,4,0,W
2021,12,RS,8,179.27,93.17,3,6,0,L
2021,12,RS,9,154.87,142.80,0,9,0,L
2021,12,RS,10,190.57,32.03,4,5,0,W
2021,13,RS,1,276.90,69.80,9,0,0,W
2021,13,RS,2,188.30,80.53,5,4,0,L
2021,13,RS,3,171.30,42.40,3,6,0,W
2021,13,RS,4,234.80,66.73,6,3,0,L
2021,13,RS,5,143.74,70.80,1,8,0,L
2021,13,RS,6,235.76,49.70,7,2,0,W
2021,13,RS,7,244.87,85.00,8,1,0,W
2021,13,RS,8,185.24,14.47,4,5,0,L
2021,13,RS,9,166.83,96.34,2,7,0,W
2021,13,RS,10,133.44,34.20,0,9,0,L
2021,14,RS,1,286.96,43.43,9,0,0,W
2021,14,RS,2,183.63,8.10,3,6,0,L
2021,14,RS,3,134.73,72.53,0,9,0,L
2021,14,RS,4,254.67,77.43,7,2,0,W
2021,14,RS,5,188.80,82.46,5,4,0,L
2021,14,RS,6,186.66,50.20,4,5,0,W
2021,14,RS,7,276.23,81.74,8,1,0,W
2021,14,RS,8,216.23,57.20,6,3,0,W
2021,14,RS,9,169.36,105.94,1,8,0,L
2021,14,RS,10,174.30,41.50,2,7,0,L
2021,15,PO,1,193.03,77.80,,,,
2021,15,PO,2,233.73,144.20,,,,
2021,15,PO,3,116.83,81.20,,,,
2021,15,PO,4,166.24,84.47,,,,
2021,15,PO,5,186.57,38.30,,,,
2021,15,PO,6,144.00,16.30,,,,
2021,15,PO,7,168.30,125.57,,,,
2021,15,PO,8,209.33,106.13,,,,
2021,15,PO,9,137.53,76.76,,,,
2021,15,PO,10,192.30,82.80,,,,
2021,16,PO,1,238.53,89.77,,,,
2021,16,PO,2,182.20,53.80,,,,
2021,16,PO,3,123.33,111.17,,,,
2021,16,PO,4,209.17,59.47,,,,
2021,16,PO,5,155.50,81.37,,,,
2021,16,PO,6,111.17,20.30,,,,
2021,16,PO,7,199.73,75.20,,,,
2021,16,PO,8,291.77,48.37,,,,
2021,16,PO,9,182.93,137.23,,,,
2021,16,PO,10,132.50,93.57,,,,
2021,17,PO,1,189.90,150.73,,,,
2021,17,PO,2,209.04,61.50,,,,
2021,17,PO,3,108.63,150.77,,,,
2021,17,PO,4,211.40,77.50,,,,
2021,17,PO,5,123.10,38.47,,,,
2021,17,PO,6,153.80,42.20,,,,
2021,17,PO,7,263.33,41.33,,,,
2021,17,PO,8,231.90,50.00,,,,
2021,17,PO,9,263.17,74.70,,,,
2021,17,PO,10,156.90,117.20,,,,
2022,1,RS,1,269.70,96.27,7,2,0,W
2022,1,RS,2,284.90,125.57,9,0,0,W
2022,1,RS,3,209.27,88.83,5,4,0,W
2022,1,RS,4,175.16,54.73,3,6,0,L
2022,1,RS,5,154.20,55.30,1,8,0,L
2022,1,RS,6,184.30,64.90,4,5,0,L
2022,1,RS,7,170.53,106.50,2,7,0,W
2022,1,RS,8,225.87,129.93,6,3,0,L
2022,1,RS,9,273.30,72.50,8,1,0,W
2022,1,RS,10,138.83,155.20,0,9,0,L
2022,2,RS,1,226.70,87.60,7,2,0,W
2022,2,RS,2,215.24,88.00,4,5,0,W
2022,2,RS,3,176.97,61.10,1,8,0,L
2022,2,RS,4,222.27,93.17,5,4,0,L
2022,2,RS,5,138.30,84.67,0,9,0,L
2022,2,RS,6,195.63,126.77,3,6,0,W
2022,2,RS,7,191.00,79.53,2,7,0,L
2022,2,RS,8,292.53,55.57,9,0,0,W
2022,2,RS,9,222.60,59.00,6,3,0,L
2022,2,RS,10,231.84,134.14,8,1,0,W
2022,3,RS,1,195.57,149.47,5,4,0,W
2022,3,RS,2,144.24,102.13,0,9,0,L
2022,3,RS,3,223.03,82.00,9,0,0,W
2022,3,RS,4,188.20,47.00,3,6,0,L
2022,3,RS,5,158.44,115.44,1,8,0,L
2022,3,RS,6,191.07,108.77,4,5,0,L
2022,3,RS,7,219.73,127.03,8,1,0,L
2022,3,RS,8,213.56,110.67,7,2,0,W
2022,3,RS,9,201.90,57.80,6,3,0,W
2022,3,RS,10,178.37,135.10,2,7,0,W
2022,4,RS,1,286.47,104.50,9,0,0,W
2022,4,RS,2,231.33,141.73,6,3,0,W
2022,4,RS,3,174.33,98.80,2,7,0,L
2022,4,RS,4,226.64,44.10,5,4,0,L
2022,4,RS,5,167.40,120.96,0,9,0,L
2022,4,RS,6,255.33,54.90,8,1,0,W
2022,4,RS,7,172.46,77.63,1,8,0,L
2022,4,RS,8,241.90,64.10,7,2,0,L
2022,4,RS,9,174.66,91.90,3,6,0,W
2022,4,RS,10,188.53,74.93,4,5,0,W
2022,5,RS,1,301.90,69.27,9,0,0,W
2022,5,RS,2,246.70,100.67,8,1,0,W
2022,5,RS,3,200.97,115.30,4,5,0,W
2022,5,RS,4,177.40,40.60,2,7,0,L
2022,5,RS,5,174.94,110.10,1,8,0,L
2022,5,RS,6,216.20,78.80,5,4,0,L
2022,5,RS,7,237.30,82.33,7,2,0,L
2022,5,RS,8,233.83,94.80,6,3,0,W
2022,5,RS,9,196.04,78.60,3,6,0,W
2022,5,RS,10,150.24,50.13,0,9,0,L
2022,6,RS,1,208.80,51.93,9,0,0,W
2022,6,RS,2,181.60,47.10,5,4,0,W
2022,6,RS,3,174.10,57.97,2,7,0,L
2022,6,RS,4,184.07,39.00,6,3,0,W
2022,6,RS,5,207.40,98.36,8,1,0,W
2022,6,RS,6,170.06,37.60,1,8,0,L
2022,6,RS,7,177.37,97.13,4,5,0,L
2022,6,RS,8,200.07,81.40,7,2,0,W
2022,6,RS,9,176.96,53.40,3,6,0,L
2022,6,RS,10,147.00,54.33,0,9,0,L
2022,7,RS,1,223.13,21.10,9,0,0,W
2022,7,RS,2,222.63,102.60,8,1,0,W
2022,7,RS,3,172.93,65.73,4,5,0,W
2022,7,RS,4,181.33,103.20,5,4,0,L
2022,7,RS,5,170.70,89.30,3,6,0,L
2022,7,RS,6,218.27,31.47,7,2,0,W
2022,7,RS,7,199.97,48.90,6,3,0,W
2022,7,RS,8,166.67,80.63,1,8,0,L
2022,7,RS,9,167.57,40.77,2,7,0,L
2022,7,RS,10,161.40,52.27,0,9,0,L
2022,8,RS,1,193.53,71.10,3,6,0,L
2022,8,RS,2,146.59,60.60,0,9,0,L
2022,8,RS,3,257.93,41.53,7,2,0,W
2022,8,RS,4,295.84,87.40,9,0,0,W
2022,8,RS,5,189.40,102.30,2,7,0,L
2022,8,RS,6,186.57,95.46,1,8,0,L
2022,8,RS,7,219.81,47.60,6,3,0,W
2022,8,RS,8,258.14,90.37,8,1,0,W
2022,8,RS,9,215.60,57.27,5,4,0,W
2022,8,RS,10,202.77,54.04,4,5,0,L
2022,9,RS,1,246.40,13.40,8,1,0,W
2022,9,RS,2,172.93,25.34,3,6,0,L
2022,9,RS,3,157.87,12.90,1,8,0,L
2022,9,RS,4,200.74,53.80,6,3,0,W
2022,9,RS,5,177.03,28.90,5,4,0,L
2022,9,RS,6,174.03,63.70,4,5,0,L
2022,9,RS,7,208.03,16.70,7,2,0,W
2022,9,RS,8,277.24,41.00,9,0,0,W
2022,9,RS,9,125.77,69.60,0,9,0,L
2022,9,RS,10,161.10,50.76,2,7,0,W
2022,10,RS,1,235.97,53.97,8,1,0,W
2022,10,RS,2,255.04,78.40,9,0,0,W
2022,10,RS,3,201.40,97.10,6,3,0,W
2022,10,RS,4,197.27,80.70,5,4,0,L
2022,10,RS,5,190.13,92.93,3,6,0,L
2022,10,RS,6,158.90,65.60,1,8,0,L
2022,10,RS,7,136.03,63.00,0,9,0,L
2022,10,RS,8,167.70,37.80,2,7,0,L
2022,10,RS,9,195.33,78.00,4,5,0,W
2022,10,RS,10,208.87,75.43,7,2,0,W
2022,11,RS,1,181.20,110.67,4,5,0,L
2022,11,RS,2,232.50,62.53,6,3,0,W
2022,11,RS,3,147.00,67.90,1,8,0,L
2022,11,RS,4,219.83,21.40,5,4,0,W
2022,11,RS,5,165.43,100.13,2,7,0,L
2022,11,RS,6,243.70,30.60,8,1,0,W
2022,11,RS,7,242.24,28.30,7,2,0,W
2022,11,RS,8,174.63,65.53,3,6,0,L
2022,11,RS,9,252.27,22.43,9,0,0,W
2022,11,RS,10,131.47,57.30,0,9,0,L
2022,12,RS,1,227.67,89.97,7,2,0,L
2022,12,RS,2,222.53,88.80,6,3,0,W
2022,12,RS,3,146.46,82.93,0,9,0,L
2022,12,RS,4,242.30,111.00,8,1,0,W
2022,12,RS,5,172.40,80.40,2,7,0,W
2022,12,RS,6,267.37,99.37,9,0,0,W
2022,12,RS,7,173.87,63.00,3,6,0,L
2022,12,RS,8,189.73,62.93,4,5,0,W
2022,12,RS,9,211.27,35.70,5,4,0,L
2022,12,RS,10,151.93,103.60,1,8,0,L
2022,13,RS,1,231.20,79.00,8,1,0,W
2022,13,RS,2,194.67,53.90,6,3,0,W
2022,13,RS,3,187.16,41.90,4,5,0,W
2022,13,RS,4,186.76,118.80,3,6,0,L
2022,13,RS,5,169.16,70.06,1,8,0,L
2022,13,RS,6,221.10,132.47,7,2,0,W
2022,13,RS,7,192.70,77.10,5,4,0,L
2022,13,RS,8,165.96,61.56,0,9,0,L
2022,13,RS,9,233.17,50.90,9,0,0,W
2022,13,RS,10,171.20,66.07,2,7,0,L
2022,14,RS,1,185.37,110.17,4,5,0,W
2022,14,RS,2,182.14,32.97,3,6,0,L
2022,14,RS,3,149.90,20.90,0,9,0,L
2022,14,RS,4,206.90,31.90,8,1,0,W
2022,14,RS,5,172.37,14.60,1,8,0,L
2022,14,RS,6,226.67,53.37,9,0,0,W
2022,14,RS,7,186.00,20.00,5,4,0,L
2022,14,RS,8,192.53,50.10,7,2,0,W
2022,14,RS,9,188.56,10.70,6,3,0,W
2022,14,RS,10,177.90,135.16,2,7,0,L
2022,15,PO,1,219.54,109.90,,,,
2022,15,PO,2,239.77,80.10,,,,
2022,15,PO,3,215.27,73.80,,,,
2022,15,PO,4,224.97,91.90,,,,
2022,15,PO,5,115.07,128.80,,,,
2022,15,PO,6,206.07,107.24,,,,
2022,15,PO,7,225.76,57.50,,,,
2022,15,PO,8,212.10,73.60,,,,
2022,15,PO,9,126.20,115.53,,,,
2022,15,PO,10,231.80,124.40,,,,
2022,16,PO,1,229.14,99.87,,,,
2022,16,PO,2,215.50,60.37,,,,
2022,16,PO,3,113.80,124.44,,,,
2022,16,PO,4,221.56,122.20,,,,
2022,16,PO,5,141.07,106.53,,,,
2022,16,PO,6,170.66,92.40,,,,
2022,16,PO,7,227.17,40.30,,,,
2022,16,PO,8,202.23,62.80,,,,
2022,16,PO,9,128.23,84.80,,,,
2022,16,PO,10,236.04,140.50,,,,
2022,17,PO,1,173.73,127.33,,,,
2022,17,PO,2,200.34,59.67,,,,
2022,17,PO,3,192.60,93.83,,,,
2022,17,PO,4,280.00,83.70,,,,
2022,17,PO,5,179.00,56.37,,,,
2022,17,PO,6,162.07,101.30,,,,
2022,17,PO,7,118.43,35.50,,,,
2022,17,PO,8,87.10,159.74,,,,
2022,17,PO,9,88.80,81.10,,,,
2022,17,PO,10,172.83,115.03,,,,
