woche,slot,kernsatz
3,1,"3-0, doch W3 brachte mit 187,0 nur Wochenrang 8 und einen knappen Sieg gegen Dynamo. Das höchste μ der Liga trägt vor allem der Schnitt von 248,3 PF je Spiel."
3,2,"Wochenbestwert 251,91 gegen TeamTy, angeführt von Brock Purdy (55,19). Mit 3-0 und der zweitbesten Kader-Projektion (214,2) knapp hinter Platz 1."
3,3,"191,58 gegen Rotzleffe, dabei 52,57 Punkte verschenkt. Die Kader-Projektion (200,9) ist deutlich stärker als die bisherigen 159,6 PF je Spiel."
3,4,"3,53 Punkte fehlten gegen gloane saubande. Mit 2-1 besser in der Tabelle als im Punkteschnitt (199,4 je Spiel), μ knapp unter dem Ligamittel."
3,5,"199,56 und Wochenrang 6, gegen den Wochenbestwert von Hugh Jass aber ohne Chance. Bester Scorer Bijan Robinson (37,3)."
3,6,"231,99 und Wochenrang 2 gegen SaureGurken, Jahmyr Gibbs mit 41,4. Die Spitze ist eng: Platz 1 bis 3 trennen nur 6,8 Punkte μ."
3,7,"Erster Sieg mit 219,54 und Wochenrang 3 gegen 4th Down Syndrom, Matthew Stafford mit 38,6. Punkteschnitt und Projektion im Mittelfeld."
3,8,"204,99 zu 201,46 gegen cool runnings, der knappste Sieg der Woche. μ und Kader-Projektion liegen fast gleichauf (207,2 bzw. 206,3)."
3,9,"178,92 reichten nicht gegen Asse's Cowboys; 69,5 verschenkte Punkte waren der Höchstwert der Woche. Die Kader-Projektion (205,9) liegt über dem bisherigen Schnitt."
3,10,"0-3 und mit 175,12 Wochenletzter. Die Kader-Projektion (196,8) liegt deutlich über dem bisherigen Schnitt von 170,4 PF je Spiel."
